kind,lang,source_token,source_query_text,mt_nllb,mt_madlad,mt_salamandra,vote_threshold,sim_nllb_madlad,sim_nllb_salamandra,sim_madlad_salamandra,agree_nllb_madlad,agree_nllb_salamandra,agree_madlad_salamandra,mt_voted,final_text,final_source,processed_at,cos_en_nllb,cos_en_madlad,cos_en_salamandra,gte_winner,lang_nllb,lang_madlad,lang_salamandra,output_token
relation,gl,1stRunwayLengthFeet,1st Runway Length Feet,Duración da 1a pista: pés,Lonxitude da primeira pista en pés,1ª lonxitude da pista en pés,0.9,0.5424,0.5283,0.8065,0,0,0,Duración da 1a pista: pés,Duración da 1a pista: pés,mt_vote_revoted_gte_langfilter,2026-03-09T10:18:04,0.7422775030136108,0.7416301369667053,0.7415393590927124,nllb,gl,gl,fr,DuraciónDa1aPista:Pés
relation,gl,1stRunwayLengthMetre,1st Runway Length Metre,Duración da 1a pista Meter,Medida da lonxitude da primeira pista,1ª lonxitude da pista en metros,0.9,0.4127,0.5263,0.5588,0,0,0,1ª lonxitude da pista en metros,1ª lonxitude da pista en metros,mt_vote_revoted_gte_langfilter,2026-03-09T10:18:04,0.7557260394096375,0.7228950262069702,0.8163838982582092,salamandra,gl,gl,gl,1ªLonxitudeDaPistaEnMetros
relation,gl,1stRunwayNumber,1st Runway Number,Número da 1a pista,Número de pista 1,Número da primeira pista,0.9,0.8,0.8095,0.7317,0,0,0,Número da 1a pista,Número da 1a pista,mt_vote_revoted_gte_langfilter,2026-03-09T10:18:04,0.7721461057662964,0.7609415650367737,0.7496825456619263,nllb,gl,gl,gl,NúmeroDa1aPista
relation,gl,1stRunwaySurfaceType,1st Runway Surface Type,Tipo de superficie da 1a pista,Tipo de superficie da primeira pista,1º tipo de superficie da pista,0.9,0.8788,0.9,0.8182,0,1,0,1º tipo de superficie da pista,1º tipo de superficie da pista,mt_vote_revoted_gte_langfilter,2026-03-09T10:18:04,0.7966688871383667,0.802368700504303,0.8022870421409607,salamandra,gl,gl,gl,1ºTipoDeSuperficieDaPista
relation,gl,2ndRunwaySurfaceType,2nd Runway Surface Type,Tipo de superficie da segunda pista,Tipo de superficie da segunda pista,Tipo de superficie da segunda pista,0.9,1.0,1.0,1.0,1,1,1,Tipo de superficie da segunda pista,Tipo de superficie da segunda pista,mt_vote_revoted_gte_langfilter,2026-03-09T10:18:04,0.8049214482307434,0.8049214482307434,0.8049214482307434,nllb,gl,gl,gl,TipoDeSuperficieDaSegundaPista
relation,gl,3rdRunwayLengthFeet,3rd Runway Length Feet,Duración da terceira pista pés,Lonxitude da terceira pista en pés,3. Lonxitude da pista en pés,0.9,0.7188,0.4828,0.8065,0,0,0,Lonxitude da terceira pista en pés,Lonxitude da terceira pista en pés,mt_vote_revoted_gte_langfilter,2026-03-09T10:18:04,0.7565871477127075,0.7639045715332031,0.7584311366081238,madlad,gl,gl,gl,LonxitudeDaTerceiraPistaEnPés
relation,gl,3rdRunwaySurfaceType,3rd Runway Surface Type,Tipo de superficie da terceira pista,Tipo de superficie da terceira pista,Tipo de superficie da terceira pista,0.9,1.0,1.0,1.0,1,1,1,Tipo de superficie da terceira pista,Tipo de superficie da terceira pista,mt_vote_revoted_gte_langfilter,2026-03-09T10:18:04,0.81343674659729,0.81343674659729,0.81343674659729,nllb,gl,gl,gl,TipoDeSuperficieDaTerceiraPista
relation,gl,4thRunwayLengthFeet,4th Runway Length Feet,Duración da 4a pista: pés,Lonxitude da cuarta pista en pés,4. Lonxitude da pista en pés,0.9,0.5614,0.5283,0.8333,0,0,0,Lonxitude da cuarta pista en pés,Lonxitude da cuarta pista en pés,mt_vote_revoted_gte_langfilter,2026-03-09T10:18:04,0.7684396505355835,0.7686192989349365,0.765617847442627,madlad,gl,es,gl,LonxitudeDaCuartaPistaEnPés
relation,gl,4thRunwaySurfaceType,4th Runway Surface Type,4o Tipo de superficie da pista,Tipo de superficie da cuarta pista,Tipo de superficie da cuarta pista,0.9,0.8438,0.8438,1.0,0,0,1,Tipo de superficie da cuarta pista,Tipo de superficie da cuarta pista,mt_vote_revoted_gte_langfilter,2026-03-09T10:18:04,0.8374722003936768,0.8230829238891602,0.8230829238891602,madlad,gl,es,es,TipoDeSuperficieDaCuartaPista
relation,gl,5thRunwayNumber,5th Runway Number,Número da 5a pista,Número de pista 5,Número da quinta pista,0.9,0.8,0.85,0.7179,0,0,0,Número de pista 5,Número de pista 5,mt_vote_revoted_gte_langfilter,2026-03-09T10:18:04,0.7963101863861084,0.7988501787185669,0.7677857279777527,madlad,gl,gl,pt,NúmeroDePista5
relation,gl,5thRunwaySurfaceType,5th Runway Surface Type,Tipo de superficie da 5a pista,Tipo de superficie da pista 5,5. Tipo de superficie da pista,0.9,0.9153,0.9,0.9153,1,1,1,Tipo de superficie da pista 5,Tipo de superficie da pista 5,mt_vote_revoted_gte_langfilter,2026-03-09T10:18:04,0.8253767490386963,0.8261629939079285,0.8020033240318298,madlad,gl,gl,gl,TipoDeSuperficieDaPista5
relation,gl,LCCN_number,LCCN number,Número LCCN,Número LCCN,Número LCCN,0.9,1.0,1.0,1.0,1,1,1,Número LCCN,Número LCCN,mt_vote_revoted_gte_langfilter,2026-03-09T10:18:04,0.9470438957214355,0.9470438957214355,0.9470438957214355,nllb,es,es,es,NúmeroLCCN
relation,gl,NationalRegisterOfHistoricPlacesReferenceNumber,National Register Of Historic Places Reference Number,Número de referencia do Rexistro Nacional de Lugares Históricos,Número de referencia do Rexistro Nacional de Lugares Históricos,Número de referencia do Rexistro Nacional de Lugares Históricos,0.9,1.0,1.0,1.0,1,1,1,Número de referencia do Rexistro Nacional de Lugares Históricos,Número de referencia do Rexistro Nacional de Lugares Históricos,mt_vote_revoted_gte_langfilter,2026-03-09T10:18:04,0.8940033912658691,0.8940033912658691,0.8940033912658691,nllb,pt,pt,pt,NúmeroDeReferenciaDoRexistroNacionalDeLugaresHistóricos
relation,gl,abbreviation,abbreviation,abreviatura,abreviatura,abreviatura,0.9,0.0,0.0,0.0,0,0,0,abreviatura,abreviatura,mt_vote,2026-03-05T14:05:11,,,,,en,en,en,Abreviatura
relation,gl,absoluteMagnitude,absolute Magnitude,Magnitude absoluta,Magnitude absoluta,magnitude absoluta,0.9,0.0,0.0,0.0,0,0,0,magnitude absoluta,magnitude absoluta,mt_vote_revoted_gte_langfilter,2026-03-09T10:18:04,,,0.8651943206787109,salamandra,en,en,et,MagnitudeAbsoluta
relation,gl,academicDiscipline,academic Discipline,Disciplina académica,Disciplina académica,Disciplina académica,0.9,1.0,1.0,1.0,1,1,1,Disciplina académica,Disciplina académica,mt_vote_revoted_gte_langfilter,2026-03-09T10:18:04,0.9315917491912842,0.9315917491912842,0.9315917491912842,nllb,fr,fr,fr,DisciplinaAcadémica
relation,gl,academicStaffSize,academic Staff Size,Formación académica Tamaño do persoal,Tamaño do persoal académico,Tamaño do persoal académico,0.9,0.5312,0.5312,1.0,0,0,1,Tamaño do persoal académico,Tamaño do persoal académico,mt_vote_revoted_gte_langfilter,2026-03-09T10:18:04,0.8247416019439697,0.876764178276062,0.876764178276062,madlad,gl,gl,gl,TamañoDoPersoalAcadémico
relation,gl,activeYearsEndDate,active Years End Date,Anos activos Data de finalización,Data de remate dos anos activos,data activa de fin de ano,0.9,0.375,0.5862,0.3929,0,0,0,Data de remate dos anos activos,Data de remate dos anos activos,mt_vote_revoted_gte_langfilter,2026-03-09T10:18:04,0.847417414188385,0.851776123046875,0.8504480123519897,madlad,gl,pt,ro,DataDeRemateDosAnosActivos
relation,gl,activeYearsEndYear,active Years End Year,Anos activos Fin de ano,Anos activos Fin do ano,active Years End Year,0.9,0.9565,0.0,0.0,1,0,0,Anos activos Fin de ano,Anos activos Fin de ano,mt_vote_revoted_gte_langfilter,2026-03-09T10:18:04,0.8791887760162354,0.8666558265686035,,nllb,es,pt,en,AnosActivosFinDeAno
relation,gl,activeYearsStartDate,active Years Start Date,Anos activos Data de inicio,Anos activos Data de comezo,Anos activos Data de inicio,0.9,0.8519,1.0,0.8519,0,1,0,Anos activos Data de inicio,Anos activos Data de inicio,mt_vote_revoted_gte_langfilter,2026-03-09T10:18:04,0.8599066734313965,0.8927185535430908,0.8599066734313965,nllb,es,es,es,AnosActivosDataDeInicio
relation,gl,activeYearsStartYear,active Years Start Year,Anos activos Ano de inicio,Anos activos Ano de comezo,anos activos Ano de inicio,0.9,0.8462,1.0,0.8462,0,1,0,anos activos Ano de inicio,anos activos Ano de inicio,mt_vote_revoted_gte_langfilter,2026-03-09T10:18:04,0.894889235496521,0.8998773694038391,0.9096366763114928,salamandra,es,es,es,AnosActivosAnoDeInicio
relation,gl,addedToTheNationalRegisterOfHistoricPlaces,added To The National Register Of Historic Places,Engadido ao Rexistro Nacional de Lugares Históricos,engadido ao Rexistro Nacional de Lugares Históricos,engadido ao Rexistro Nacional de Lugares Históricos,0.9,1.0,1.0,1.0,1,1,1,engadido ao Rexistro Nacional de Lugares Históricos,engadido ao Rexistro Nacional de Lugares Históricos,mt_vote_revoted_gte_langfilter,2026-03-09T10:18:04,0.7644044160842896,0.7892980575561523,0.7892980575561523,madlad,pt,pt,pt,EngadidoAoRexistroNacionalDeLugaresHistóricos
relation,gl,address,address,enderezo,enderezo,dirección,0.9,1.0,0.3529,0.3529,1,0,0,enderezo,enderezo,mt_vote_revoted_gte_langfilter,2026-03-09T10:18:04,0.7122548818588257,0.7122548818588257,0.8569352626800537,nllb,it,it,gl,Enderezo
relation,gl,administrativeArrondissement,administrative Arrondissement,Distrito administrativo,Arrondissementfrance. kgm,distrito administrativo,0.9,0.25,1.0,0.2917,0,1,0,distrito administrativo,distrito administrativo,mt_vote_revoted_gte_langfilter,2026-03-09T10:18:04,0.7869876027107239,0.7744742631912231,0.8208062648773193,salamandra,it,fr,it,DistritoAdministrativo
relation,gl,affiliation,affiliation,afiliación,afiliación,afiliación,0.9,1.0,1.0,1.0,1,1,1,afiliación,afiliación,mt_vote_revoted_gte_langfilter,2026-03-09T10:18:04,0.8709070682525635,0.8709070682525635,0.8709070682525635,nllb,es,es,es,Afiliación
relation,gl,aircraftFighter,aircraft Fighter,Avións de combate,Avión de combate,avión de combate,0.9,0.9697,0.9697,1.0,1,1,1,Avión de combate,Avión de combate,mt_vote_revoted_gte_langfilter,2026-03-09T10:18:04,0.801599383354187,0.8418277502059937,0.8392677307128906,madlad,gl,es,es,AviónDeCombate
relation,gl,aircraftHelicopter,aircraft Helicopter,Avións Helicóptero,Avión Helicóptero,aeronave Helicóptero,0.9,0.9714,0.7368,0.7568,1,0,0,Avión Helicóptero,Avión Helicóptero,mt_vote_revoted_gte_langfilter,2026-03-09T10:18:04,0.8798900246620178,0.881881594657898,0.8800170421600342,madlad,gl,gl,es,AviónHelicóptero
relation,gl,album,album,álbum,álbum,álbum,0.9,1.0,1.0,1.0,1,1,1,álbum,álbum,mt_vote_revoted_gte_langfilter,2026-03-09T10:18:04,0.943719208240509,0.943719208240509,0.943719208240509,nllb,hu,hu,hu,Álbum
relation,gl,almaMater,alma Mater,Alma Mater,alma MaterConstellation name (optional),alma Mater,0.9,0.0,0.0,0.4082,0,0,0,alma Mater,alma Mater,mt_vote_revoted_gte_langfilter,2026-03-09T10:18:04,,0.8570457696914673,1.0,salamandra,en,af,hu,AlmaMater
relation,gl,alternativeName,alternative Name,Nome alternativo,Nome alternativo,Nome alternativo,0.9,1.0,1.0,1.0,1,1,1,Nome alternativo,Nome alternativo,mt_vote_revoted_gte_langfilter,2026-03-09T10:18:04,0.9138534665107728,0.9138534665107728,0.9138534665107728,nllb,es,es,es,NomeAlternativo
relation,gl,anthem,anthem,himno,himno,anthem,0.9,0.0,0.0,0.0,0,0,0,himno,himno,mt_vote,2026-03-05T14:05:18,,,,,en,en,en,Himno
relation,gl,apoapsis,apoapsis,Apoapsis,apoapsis,apoapsis,0.9,0.0,0.0,0.0,0,0,0,Apoapsis,Apoapsis,mt_vote,2026-03-05T14:05:18,,,,,en,en,en,Apoapsis
relation,gl,architect,architect,arquitecto,arquitecto,arquitecto,0.9,0.0,0.0,0.0,0,0,0,arquitecto,arquitecto,mt_vote,2026-03-05T14:05:18,,,,,en,en,en,Arquitecto
relation,gl,architecturalStyle,architectural Style,Estilo arquitectónico,Estilo arquitectónico,estilo arquitectónico,0.9,1.0,1.0,1.0,1,1,1,estilo arquitectónico,estilo arquitectónico,mt_vote_revoted_gte_langfilter,2026-03-09T10:18:04,0.8953475952148438,0.8953475952148438,0.909710168838501,salamandra,es,es,es,EstiloArquitectónico
relation,gl,architecture,architecture,arquitectura,arquitectura,arquitectura,0.9,1.0,1.0,1.0,1,1,1,arquitectura,arquitectura,mt_vote_revoted_gte_langfilter,2026-03-09T10:18:04,0.8538682460784912,0.8538682460784912,0.8538682460784912,nllb,fr,fr,fr,Arquitectura
relation,gl,areaCode,area Code,Código de área,Código de área,código de área,0.9,1.0,1.0,1.0,1,1,1,código de área,código de área,mt_vote_revoted_gte_langfilter,2026-03-09T10:18:04,0.8861470222473145,0.8861470222473145,0.9211240410804749,salamandra,pt,pt,gl,CódigoDeÁrea
relation,gl,areaMetro,area Metro,Área metropolitana,área Metro,área Metro,0.9,0.7143,0.7143,1.0,0,0,1,área Metro,área Metro,mt_vote_revoted_gte_langfilter,2026-03-09T10:18:04,0.8662344813346863,0.9667258262634276,0.9667258262634276,madlad,es,hu,hu,ÁreaMetro
relation,gl,areaOfLand,area Of Land,Área de terra,área de terra,área de terra,0.9,1.0,1.0,1.0,1,1,1,área de terra,área de terra,mt_vote_revoted_gte_langfilter,2026-03-09T10:18:04,0.870615541934967,0.882855236530304,0.882855236530304,madlad,es,pt,pt,ÁreaDeTerra
relation,gl,areaOfWater,area Of Water,Área de auga,área de auga,área de auga,0.9,1.0,1.0,1.0,1,1,1,área de auga,área de auga,mt_vote_revoted_gte_langfilter,2026-03-09T10:18:04,0.8669373989105225,0.8789177536964417,0.8789177536964417,madlad,es,pt,pt,ÁreaDeAuga
relation,gl,areaTotal,area Total,Área total,área total,área total,0.9,1.0,1.0,1.0,1,1,1,área total,área total,mt_vote_revoted_gte_langfilter,2026-03-09T10:18:04,0.9360779523849488,0.951852321624756,0.951852321624756,madlad,pt,sk,sk,ÁreaTotal
relation,gl,areaUrban,area Urban,Área urbana,área urbanaunit description in lists,área Urbana,0.9,0.4681,1.0,0.4681,0,1,0,área Urbana,área Urbana,mt_vote_revoted_gte_langfilter,2026-03-09T10:18:04,0.916923761367798,0.8209404945373535,0.9584680795669556,salamandra,lv,es,hu,ÁreaUrbana
relation,gl,artist,artist,artista,artista,artista,0.9,0.0,0.0,0.0,0,0,0,artista,artista,mt_vote,2026-03-05T14:05:21,,,,,en,en,en,Artista
relation,gl,assembly,assembly,montaxe,ensamblaxe,montaxe,0.9,0.0,0.0,0.0,0,0,0,montaxe,montaxe,mt_vote,2026-03-05T14:05:21,,,,,en,en,en,Montaxe
relation,gl,associatedBand/associatedMusicalArtist,associated Band/associated Musical Artist,banda asociada/artista musical asociado,Banda asociada/ Artista musical asociado,banda asociada/artista musical asociado,0.9,0.9873,1.0,0.9873,1,1,1,Banda asociada/ Artista musical asociado,Banda asociada/ Artista musical asociado,mt_vote_revoted_gte_langfilter,2026-03-09T10:18:04,0.8713538646697998,0.8735039830207825,0.8713538646697998,madlad,pt,pt,pt,BandaAsociada/ArtistaMusicalAsociado
relation,gl,associatedRocket,associated Rocket,Rocket asociado,associated Rocket,Rocket asociado,0.9,0.0,1.0,0.0,0,1,0,Rocket asociado,Rocket asociado,mt_vote_revoted_gte_langfilter,2026-03-09T10:18:04,0.909205436706543,,0.909205436706543,nllb,br,en,br,RocketAsociado
relation,gl,attackAircraft,attack Aircraft,Avións de ataque,Avións de ataque,avión de ataque,0.9,1.0,0.9677,0.9677,1,1,1,avión de ataque,avión de ataque,mt_vote_revoted_gte_langfilter,2026-03-09T10:18:04,0.8814737200737,0.8814737200737,0.8954812288284302,salamandra,gl,gl,gl,AviónDeAtaque
relation,gl,author,author,autor,autor,autor,0.9,1.0,1.0,1.0,1,1,1,autor,autor,mt_vote_revoted_gte_langfilter,2026-03-09T10:18:04,0.920589804649353,0.920589804649353,0.920589804649353,nllb,es,es,es,Autor
relation,gl,averageSpeed,average Speed,Velocidade media,Velocidade media,velocidade media,0.9,1.0,1.0,1.0,1,1,1,velocidade media,velocidade media,mt_vote_revoted_gte_langfilter,2026-03-09T10:18:04,0.8201744556427002,0.8201744556427002,0.896552562713623,salamandra,pt,pt,pt,VelocidadeMedia
relation,gl,award,award,Premios,premio,concesión,0.9,0.9231,0.25,0.2667,1,0,0,premio,premio,mt_vote_revoted_gte_langfilter,2026-03-09T10:18:04,0.8312620520591736,0.8723407983779907,0.5765924453735352,madlad,es,it,gl,Premio
relation,gl,awards,awards,Premios,premios,premios,0.9,1.0,1.0,1.0,1,1,1,premios,premios,mt_vote_revoted_gte_langfilter,2026-03-09T10:18:04,0.8628312349319458,0.9061397314071656,0.9061397314071656,madlad,es,es,es,Premios
relation,gl,background,background,antecedentes,fondo,background,0.9,0.0,0.0,0.0,0,0,0,antecedentes,antecedentes,mt_vote_revoted_gte_langfilter,2026-03-09T10:18:04,0.7121391296386719,,,nllb,es,en,en,Antecedentes
relation,gl,backupPilot,backup Pilot,Pilota de apoio,Copia de seguridade do Pilot,backup Pilot,0.9,0.2326,0.3704,0.4,0,0,0,backup Pilot,backup Pilot,mt_vote_revoted_gte_langfilter,2026-03-09T10:18:04,0.8144789934158325,0.818885326385498,1.000000238418579,salamandra,ro,pt,ro,BackupPilot
relation,gl,bandMember,band Member,Membro da banda,membro da banda,Membro da banda,0.9,1.0,1.0,1.0,1,1,1,membro da banda,membro da banda,mt_vote_revoted_gte_langfilter,2026-03-09T10:18:04,0.8893778324127197,0.890255331993103,0.8893778324127197,madlad,pt,pt,pt,MembroDaBanda
relation,gl,battle,battle,batalla,batalla,batalla,0.9,1.0,1.0,1.0,1,1,1,batalla,batalla,mt_vote_revoted_gte_langfilter,2026-03-09T10:18:04,0.8746160864830017,0.8746160864830017,0.8746160864830017,nllb,it,it,it,Batalla
relation,gl,bedCount,bed Count,Cama Contagem,Contaxe de camas,Recuento de camas,0.9,0.0,0.0,0.7273,0,0,0,Recuento de camas,Recuento de camas,mt_vote_revoted_gte_langfilter,2026-03-09T10:18:04,,0.7861539125442505,0.7957788109779358,salamandra,en,fr,es,RecuentoDeCamas
relation,gl,bird,bird,paxaro,paxaro,paxaro,0.9,0.0,0.0,0.0,0,0,0,paxaro,paxaro,mt_vote,2026-03-05T14:05:25,,,,,en,en,en,Paxaro
relation,gl,birthDate,birth Date,Data de nacemento,Data de nacemento,Data de nacemento,0.9,1.0,1.0,1.0,1,1,1,Data de nacemento,Data de nacemento,mt_vote_revoted_gte_langfilter,2026-03-09T10:18:04,0.8631597757339478,0.8631597757339478,0.8631597757339478,nllb,es,es,es,DataDeNacemento
relation,gl,birthName,birth Name,Nome de nacemento,Nome de nacemento,Nome de nacemento,0.9,1.0,1.0,1.0,1,1,1,Nome de nacemento,Nome de nacemento,mt_vote_revoted_gte_langfilter,2026-03-09T10:18:04,0.8233332633972168,0.8233332633972168,0.8233332633972168,nllb,es,es,es,NomeDeNacemento
relation,gl,birthPlace,birth Place,Lugar de nacemento,Lugar de nacemento,Lugar de nacemento,0.9,1.0,1.0,1.0,1,1,1,Lugar de nacemento,Lugar de nacemento,mt_vote_revoted_gte_langfilter,2026-03-09T10:18:04,0.8303682208061218,0.8303682208061218,0.8303682208061218,nllb,es,es,es,LugarDeNacemento
relation,gl,birthYear,birth Year,Ano de nacemento,Ano de nacemento,Ano de nacemento,0.9,1.0,1.0,1.0,1,1,1,Ano de nacemento,Ano de nacemento,mt_vote_revoted_gte_langfilter,2026-03-09T10:18:04,0.8365556597709656,0.8365556597709656,0.8365556597709656,nllb,es,es,es,AnoDeNacemento
relation,gl,bodyStyle,body Style,Estilo do corpo,Estilo do corpo,estilo do corpo,0.9,1.0,1.0,1.0,1,1,1,estilo do corpo,estilo do corpo,mt_vote_revoted_gte_langfilter,2026-03-09T10:18:04,0.892524242401123,0.892524242401123,0.9108263254165648,salamandra,pt,pt,pt,EstiloDoCorpo
relation,gl,broadcastedBy,broadcasted By,transmitido por,emitido por,emitido por,0.9,0.7692,0.7692,1.0,0,0,1,emitido por,emitido por,mt_vote_revoted_gte_langfilter,2026-03-09T10:18:04,0.748248279094696,0.7471692562103271,0.7471692562103271,madlad,pt,pt,pt,EmitidoPor
relation,gl,budget,budget,Presupuesto,orzamento,presuposto,0.9,0.4,0.8571,0.3158,0,0,0,orzamento,orzamento,mt_vote_revoted_gte_langfilter,2026-03-09T10:18:04,0.7292149066925049,0.8173861503601074,0.6487029790878296,madlad,es,pl,sl,Orzamento
relation,gl,buildDate,build Date,data de construción,Data de construción,Data de construción,0.9,1.0,1.0,1.0,1,1,1,Data de construción,Data de construción,mt_vote_revoted_gte_langfilter,2026-03-09T10:18:04,0.7359514236450195,0.7461445331573486,0.7461445331573486,madlad,gl,gl,gl,DataDeConstrución
relation,gl,builder,builder,constructor,construtor,builder,0.9,0.0,0.0,0.0,0,0,0,construtor,construtor,mt_vote_revoted_gte_langfilter,2026-03-09T10:18:04,,0.8306845426559448,,madlad,en,es,en,Construtor
relation,gl,buildingStartDate,building Start Date,Edificio Data de inicio,Data de inicio da construción,Data de inicio da construción,0.9,0.5385,0.5385,1.0,0,0,1,Data de inicio da construción,Data de inicio da construción,mt_vote_revoted_gte_langfilter,2026-03-09T10:18:04,0.7427874207496643,0.7567509412765503,0.7567509412765503,madlad,es,gl,gl,DataDeInicioDaConstrución
relation,gl,buildingType,building Type,Tipo de edificio,Tipo de edificio,Tipo de edificio,0.9,1.0,1.0,1.0,1,1,1,Tipo de edificio,Tipo de edificio,mt_vote_revoted_gte_langfilter,2026-03-09T10:18:04,0.9322136044502258,0.9322136044502258,0.9322136044502258,nllb,es,es,es,TipoDeEdificio
relation,gl,campus,campus,Campus,campus,campus,0.9,0.0,0.0,0.0,0,0,0,Campus,Campus,mt_vote,2026-03-05T14:05:28,,,,,en,en,en,Campus
relation,gl,capital,capital,capital,capital,capital,0.9,0.0,0.0,0.0,0,0,0,capital,capital,mt_vote,2026-03-05T14:05:29,,,,,en,en,en,Capital
relation,gl,carbohydrate,carbohydrate,hidratos de carbono,hidrato de carbono,carbohidrato,0.9,0.973,0.4516,0.4667,1,0,0,hidratos de carbono,hidratos de carbono,mt_vote_revoted_gte_langfilter,2026-03-09T10:18:04,0.7922077178955078,0.7847699522972107,0.8871157169342041,nllb,es,eo,lt,HidratosDeCarbono
relation,gl,category,category,Categoría,Categoría,categoría,0.9,1.0,1.0,1.0,1,1,1,categoría,categoría,mt_vote_revoted_gte_langfilter,2026-03-09T10:18:04,0.8055704236030579,0.8055704236030579,0.8996411561965942,salamandra,es,es,es,Categoría
relation,gl,ceremonialCounty,ceremonial County,Concello cerimonial,Condado cerimonial,condado cerimonial,0.9,0.8108,0.8108,1.0,0,0,1,condado cerimonial,condado cerimonial,mt_vote_revoted_gte_langfilter,2026-03-09T10:18:04,0.7608972787857056,0.8687209486961365,0.8864462375640869,salamandra,it,pt,pt,CondadoCerimonial
relation,gl,certification,certification,certificación,certificación,certificación,0.9,1.0,1.0,1.0,1,1,1,certificación,certificación,mt_vote_revoted_gte_langfilter,2026-03-09T10:18:04,0.9008933901786804,0.9008933901786804,0.9008933901786804,nllb,gl,gl,gl,Certificación
relation,gl,chairman,chairman,Presidente,presidente,presidente,0.9,0.0,0.0,0.0,0,0,0,Presidente,Presidente,mt_vote,2026-03-05T14:05:30,,,,,en,en,en,Presidente
relation,gl,chairmanTitle,chairman Title,Presidente Título,Título do presidente,Título de presidente,0.9,0.5405,0.5405,0.95,0,0,1,Título do presidente,Título do presidente,mt_vote_revoted_gte_langfilter,2026-03-09T10:18:04,0.7799732685089111,0.7706772089004517,0.7688021659851074,madlad,hu,pt,es,TítuloDoPresidente
relation,gl,chairperson,chairperson,Presidente,chairperson,presidente,0.9,0.0,0.0,0.0,0,0,0,chairperson,chairperson,mt_vote_revoted_gte_langfilter,2026-03-09T10:18:04,,1.0,,madlad,en,fr,en,Chairperson
relation,gl,champions,champions,campións,campións,campións,0.9,1.0,1.0,1.0,1,1,1,campións,campións,mt_vote_revoted_gte_langfilter,2026-03-09T10:18:04,0.8665160536766052,0.8665160536766052,0.8665160536766052,nllb,es,es,es,Campións
relation,gl,chancellor,chancellor,Canciller,chancellor,chanceler,0.9,0.0,0.0,0.0,0,0,0,chanceler,chanceler,mt_vote,2026-03-05T14:05:31,,,,,en,en,en,Chanceler
relation,gl,chief,chief,xefes,xefe,xefe,0.9,0.0,0.0,0.0,0,0,0,xefe,xefe,mt_vote,2026-03-05T14:05:31,,,,,en,en,en,Xefe
relation,gl,child,child,Niño,fillo,neno,0.9,0.0,0.0,0.0,0,0,0,Niño,Niño,mt_vote_revoted_gte_langfilter,2026-03-09T10:18:04,0.7864053249359131,,,nllb,es,en,en,Niño
relation,gl,christeningDate,christening Date,Data de bautizo,christening Date,Data de bautizo,0.9,0.2581,1.0,0.2581,0,1,0,Data de bautizo,Data de bautizo,mt_vote_revoted_gte_langfilter,2026-03-09T10:18:04,0.758807897567749,1.0000001192092896,0.758807897567749,nllb,es,de,es,DataDeBautizo
relation,gl,cinematography,cinematography,cinematografía,cinematografía,cinematografía,0.9,1.0,1.0,1.0,1,1,1,cinematografía,cinematografía,mt_vote_revoted_gte_langfilter,2026-03-09T10:18:04,0.765241801738739,0.765241801738739,0.765241801738739,nllb,es,es,es,Cinematografía
relation,gl,citizenship,citizenship,cidadanía,cidadanía,cidadanía,0.9,1.0,1.0,1.0,1,1,1,cidadanía,cidadanía,mt_vote_revoted_gte_langfilter,2026-03-09T10:18:04,0.599234402179718,0.599234402179718,0.599234402179718,nllb,es,es,es,Cidadanía
relation,gl,city,city,cidade,cidade,city,0.9,1.0,0.0,0.0,1,0,0,cidade,cidade,mt_vote_revoted_gte_langfilter,2026-03-09T10:18:04,0.9387287497520448,0.9387287497520448,,nllb,pt,pt,en,Cidade
relation,gl,cityServed,city Served,cidade Servido,cidade servida,Cidade servida,0.9,0.9286,0.9286,1.0,1,1,1,cidade Servido,cidade Servido,mt_vote_revoted_gte_langfilter,2026-03-09T10:18:04,0.9243353605270386,0.8624495267868042,0.8393949270248413,nllb,pt,pt,pt,CidadeServido
relation,gl,class,class,Clasificación,clase,clase,0.9,0.0,0.0,0.0,0,0,0,Clasificación,Clasificación,mt_vote_revoted_gte_langfilter,2026-03-09T10:18:04,0.7532057762145996,,,nllb,gl,en,en,Clasificación
relation,gl,club,club,club,trevos,club,0.9,0.0,0.0,0.0,0,0,0,trevos,trevos,mt_vote_revoted_gte_langfilter,2026-03-09T10:18:04,,0.5538928508758545,,madlad,en,es,en,Trevos
relation,gl,coach,coach,Entrenador,adestrador,coche,0.9,0.7,0.1333,0.1333,0,0,0,Entrenador,Entrenador,mt_vote_revoted_gte_langfilter,2026-03-09T10:18:04,0.8292836546897888,0.8125439882278442,0.6404407024383545,nllb,es,es,sv,Entrenador
relation,gl,codenCode,coden Code,Código de código,códigon Code,coden Código,0.9,0.6429,0.7857,0.5,0,0,0,coden Código,coden Código,mt_vote_revoted_gte_langfilter,2026-03-09T10:18:04,0.8245996236801147,0.8911187648773193,0.9710050225257874,salamandra,gl,gl,hu,CodenCódigo
relation,gl,college,college,universidade,universidade,universidade,0.9,1.0,1.0,1.0,1,1,1,universidade,universidade,mt_vote_revoted_gte_langfilter,2026-03-09T10:18:04,0.7285513877868652,0.7285513877868652,0.7285513877868652,nllb,pt,pt,pt,Universidade
relation,gl,colour,colour,cor,cor,cor,0.9,0.0,0.0,0.0,0,0,0,cor,cor,mt_vote,2026-03-05T14:05:34,,,,,en,en,en,Cor
relation,gl,commander,commander,Comandante,comando,comandante,0.9,0.0,1.0,0.0,0,1,0,comandante,comandante,mt_vote_revoted_gte_langfilter,2026-03-09T10:18:04,0.8095765113830566,,0.8469102382659912,salamandra,fr,en,fr,Comandante
relation,gl,comparable,comparable,comparable,comparable,comparable,0.9,1.0,1.0,1.0,1,1,1,comparable,comparable,mt_vote_revoted_gte_langfilter,2026-03-09T10:18:04,1.0000001192092896,1.0000001192092896,1.0000001192092896,nllb,sl,sl,sl,Comparable
relation,gl,competeIn,compete In,competir en,competir con,competir In,0.9,0.8696,0.9091,0.8696,0,1,0,competir In,competir In,mt_vote_revoted_gte_langfilter,2026-03-09T10:18:04,0.9365510940551758,0.8389967083930969,0.9748326539993286,salamandra,es,es,es,CompetirIn
relation,gl,completionDate,completion Date,Data de finalización,Data de remate,Data de finalización,0.9,0.5294,1.0,0.5294,0,1,0,Data de finalización,Data de finalización,mt_vote_revoted_gte_langfilter,2026-03-09T10:18:04,0.8254490494728088,0.6893537044525146,0.8254490494728088,nllb,gl,es,gl,DataDeFinalización
relation,gl,cosparId,cospar Id,cospar Id,Id cospar,cospar Id,0.9,0.0,1.0,0.0,0,1,0,cospar Id,cospar Id,mt_vote_revoted_gte_langfilter,2026-03-09T10:18:04,0.9999998807907104,,0.9999998807907104,nllb,fr,en,fr,CosparId
relation,gl,cost,cost,custo,custo,custo,0.9,0.0,0.0,0.0,0,0,0,custo,custo,mt_vote,2026-03-05T14:05:35,,,,,en,en,en,Custo
relation,gl,country,country,país,Países Baixosworld. kgm,país,0.9,0.2963,1.0,0.2963,0,1,0,país,país,mt_vote_revoted_gte_langfilter,2026-03-09T10:18:04,0.8801699280738831,0.6379653215408325,0.8801699280738831,nllb,ga,ga,ga,País
relation,gl,countryOrigin,country Origin,país Orixe,país orixe,Orixinal do país,0.9,1.0,0.3077,0.3077,1,0,0,país orixe,país orixe,mt_vote_revoted_gte_langfilter,2026-03-09T10:18:04,0.7013639211654663,0.8529759645462036,0.6860570311546326,madlad,ga,ga,pt,PaísOrixe
relation,gl,countySeat,county Seat,Condado Sede,county Seatusa. kgm,capital do condado,0.9,0.0,0.4667,0.0,0,0,0,capital do condado,capital do condado,mt_vote_revoted_gte_langfilter,2026-03-09T10:18:04,0.7423657178878784,,0.7667123079299927,salamandra,pt,en,pt,CapitalDoCondado
relation,gl,course,course,curso,carta,curso,0.9,0.0,0.0,0.0,0,0,0,curso,curso,mt_vote,2026-03-05T14:05:37,,,,,en,en,en,Curso
relation,gl,creator,creator,creador,creador,creador,0.9,1.0,1.0,1.0,1,1,1,creador,creador,mt_vote_revoted_gte_langfilter,2026-03-09T10:18:04,0.9392881989479064,0.9392881989479064,0.9392881989479064,nllb,es,es,es,Creador
relation,gl,creatorOfDish,creator Of Dish,creador de Dish,creador de Dish,creador do prato,0.9,1.0,0.6452,0.6452,1,0,0,creador de Dish,creador de Dish,mt_vote_revoted_gte_langfilter,2026-03-09T10:18:04,0.9349889755249025,0.9349889755249025,0.8003216981887817,nllb,gl,gl,gl,CreadorDeDish
relation,gl,crewMembers,crew Members,Membros da tripulación,Membros da tripulación,membros da tripulación,0.9,1.0,1.0,1.0,1,1,1,Membros da tripulación,Membros da tripulación,mt_vote_revoted_gte_langfilter,2026-03-09T10:18:04,0.84660804271698,0.84660804271698,0.8303441405296326,nllb,gl,gl,gl,MembrosDaTripulación
relation,gl,currency,currency,moeda,moeda,moeda,0.9,0.0,0.0,0.0,0,0,0,moeda,moeda,mt_vote,2026-03-05T14:05:38,,,,,en,en,en,Moeda
relation,gl,currentTenants,current Tenants,Locatarios actuais,Inquilinos actuais,actuais inquilinos,0.9,0.6667,0.3889,0.5556,0,0,0,Inquilinos actuais,Inquilinos actuais,mt_vote_revoted_gte_langfilter,2026-03-09T10:18:04,0.6611534357070923,0.769896388053894,0.7335634231567383,madlad,pt,pt,fr,InquilinosActuais
relation,gl,currentclub,currentclub,club actual,actualclub,currentclub,0.9,0.0,0.0,0.0,0,0,0,actualclub,actualclub,mt_vote,2026-03-05T14:05:38,,,,,en,en,en,Actualclub
relation,gl,currentteam,currentteam,Equipo actual,equipo actual,equipoactual,0.9,1.0,0.0,0.0,1,0,0,equipo actual,equipo actual,mt_vote_revoted_gte_langfilter,2026-03-09T10:18:04,0.8520601391792297,0.8531203269958496,,madlad,gl,gl,en,EquipoActual
relation,gl,cylinderCount,cylinder Count,Número de cilindros,Contaxe de cilindros,Recuento de cilindros,0.9,0.7692,0.75,0.7805,0,0,0,Número de cilindros,Número de cilindros,mt_vote_revoted_gte_langfilter,2026-03-09T10:18:04,0.8669321537017822,0.7981431484222412,0.7823812961578369,nllb,es,fr,es,NúmeroDeCilindros
relation,gl,dateOfRetirement,date Of Retirement,Data de xubilación,data Of Retirement,data de xubilación,0.9,0.0,1.0,0.0,0,1,0,Data de xubilación,Data de xubilación,mt_vote_revoted_gte_langfilter,2026-03-09T10:18:04,0.7075285315513611,,0.6996392011642456,nllb,gl,en,gl,DataDeXubilación
relation,gl,dean,dean,decano,dean,dean,0.9,0.0,0.0,0.0,0,0,0,dean,dean,mt_vote,2026-03-05T14:05:39,,,,,en,en,en,Dean
relation,gl,deathCause,death Cause,Causa da morte,Causa da morte,Causa da morte,0.9,1.0,1.0,1.0,1,1,1,Causa da morte,Causa da morte,mt_vote_revoted_gte_langfilter,2026-03-09T10:18:04,0.8493423461914062,0.8493423461914062,0.8493423461914062,nllb,pt,pt,pt,CausaDaMorte
relation,gl,deathDate,death Date,Data da morte,Data de morte,data de falecemento,0.9,0.9231,0.5625,0.625,1,0,0,Data de morte,Data de morte,mt_vote_revoted_gte_langfilter,2026-03-09T10:18:04,0.911813497543335,0.9124493598937988,0.8595234155654907,madlad,it,es,es,DataDeMorte
relation,gl,deathPlace,death Place,Lugar da morte,Lugar da morte,lugar da morte,0.9,1.0,1.0,1.0,1,1,1,lugar da morte,lugar da morte,mt_vote_revoted_gte_langfilter,2026-03-09T10:18:04,0.8778519630432129,0.8778519630432129,0.8811440467834473,salamandra,pt,pt,pt,LugarDaMorte
relation,gl,deathYear,death Year,Ano de morte,Ano de morte,ano de morte,0.9,1.0,1.0,1.0,1,1,1,ano de morte,ano de morte,mt_vote_revoted_gte_langfilter,2026-03-09T10:18:04,0.8911805152893066,0.8911805152893066,0.9226810932159424,salamandra,es,es,es,AnoDeMorte
relation,gl,debutTeam,debut Team,Equipo debutante,debut Equipo,debut Team,0.9,0.0,0.0,0.0,0,0,0,Equipo debutante,Equipo debutante,mt_vote_revoted_gte_langfilter,2026-03-09T10:18:04,0.9063243865966796,,,nllb,es,en,en,EquipoDebutante
relation,gl,dedicatedTo,dedicated To,dedicado a,dedicado a,dedicado a,0.9,1.0,1.0,1.0,1,1,1,dedicado a,dedicado a,mt_vote_revoted_gte_langfilter,2026-03-09T10:18:04,0.8909962773323059,0.8909962773323059,0.8909962773323059,nllb,pt,pt,pt,DedicadoA
relation,gl,demonym,demonym,demonímico,daemon,demónimo,0.9,0.0,0.4444,0.0,0,0,0,demónimo,demónimo,mt_vote_revoted_gte_langfilter,2026-03-09T10:18:04,0.7465370297431946,,0.7513999938964844,salamandra,cs,en,es,Demónimo
relation,gl,density,density,densidade,densidade,densidade,0.9,1.0,1.0,1.0,1,1,1,densidade,densidade,mt_vote_revoted_gte_langfilter,2026-03-09T10:18:04,0.9221003651618958,0.9221003651618958,0.9221003651618958,nllb,pt,pt,pt,Densidade
relation,gl,derivative,derivative,derivado,derivada,derivado,0.9,0.875,1.0,0.875,0,1,0,derivado,derivado,mt_vote_revoted_gte_langfilter,2026-03-09T10:18:04,0.7949209213256836,0.8413668870925903,0.7949209213256836,nllb,es,lt,es,Derivado
relation,gl,designCompany,design Company,Diseño da empresa,Empresa de deseño,Empresa de deseño,0.9,0.4118,0.4118,1.0,0,0,1,Empresa de deseño,Empresa de deseño,mt_vote_revoted_gte_langfilter,2026-03-09T10:18:04,0.819684624671936,0.8739469051361084,0.8739469051361084,madlad,gl,es,es,EmpresaDeDeseño
relation,gl,designer,designer,deseñador,deseñador,deseñador,0.9,1.0,1.0,1.0,1,1,1,deseñador,deseñador,mt_vote_revoted_gte_langfilter,2026-03-09T10:18:04,0.8501728773117065,0.8501728773117065,0.8501728773117065,nllb,gl,gl,gl,Deseñador
relation,gl,developer,developer,desenvolvedor,desenvolvente,desarrollador,0.9,0.7692,0.6154,0.3846,0,0,0,desarrollador,desarrollador,mt_vote_revoted_gte_langfilter,2026-03-09T10:18:04,0.8821049928665161,0.8061528205871582,0.9386316537857056,salamandra,es,es,es,Desarrollador
relation,gl,diameter,diameter,diámetro,diámetro,diámetro,0.9,1.0,1.0,1.0,1,1,1,diámetro,diámetro,mt_vote_revoted_gte_langfilter,2026-03-09T10:18:04,0.8529245257377625,0.8529245257377625,0.8529245257377625,nllb,hu,hu,hu,Diámetro
relation,gl,director,director,director,director,director,0.9,0.0,0.0,0.0,0,0,0,director,director,mt_vote,2026-03-05T14:05:43,,,,,en,en,en,Director
relation,gl,discovered,discovered,descuberto,descuberto,descuberto,0.9,0.0,0.0,0.0,0,0,0,descuberto,descuberto,mt_vote,2026-03-05T14:05:43,,,,,en,en,en,Descuberto
relation,gl,discoverer,discoverer,descubridor,descobridor,descubridor,0.9,0.9091,1.0,0.9091,1,1,1,descobridor,descobridor,mt_vote_revoted_gte_langfilter,2026-03-09T10:18:04,0.9192852973937988,0.9281903505325316,0.9192852973937988,madlad,es,es,es,Descobridor
relation,gl,dishVariation,dish Variation,prato Variación,Variación do prato,variedade de prato,0.9,0.5455,0.303,0.7222,0,0,0,prato Variación,prato Variación,mt_vote_revoted_gte_langfilter,2026-03-09T10:18:04,0.8700722455978394,0.8621281385421753,0.8260960578918457,nllb,es,gl,pt,PratoVariación
relation,gl,dissolutionYear,dissolution Year,Ano de disolución,Ano de disolución,Ano de disolución,0.9,1.0,1.0,1.0,1,1,1,Ano de disolución,Ano de disolución,mt_vote_revoted_gte_langfilter,2026-03-09T10:18:04,0.9034690856933594,0.9034690856933594,0.9034690856933594,nllb,gl,gl,gl,AnoDeDisolución
relation,gl,distributingCompany,distributing Company,Compañía distribuidora,Compañía distribuidora,Compañía distribuidora,0.9,1.0,1.0,1.0,1,1,1,Compañía distribuidora,Compañía distribuidora,mt_vote_revoted_gte_langfilter,2026-03-09T10:18:04,0.8746507167816162,0.8746507167816162,0.8746507167816162,nllb,es,es,es,CompañíaDistribuidora
relation,gl,distributingLabel,distributing Label,Distribución Etiqueta,a distribuir a etiqueta,distribuír etiqueta,0.9,0.8182,0.85,0.8571,0,0,0,distribuír etiqueta,distribuír etiqueta,mt_vote_revoted_gte_langfilter,2026-03-09T10:18:04,0.7792702913284302,0.8256086707115173,0.8702746629714966,salamandra,gl,fr,gl,DistribuírEtiqueta
relation,gl,distributor,distributor,distribuidor,distribuidor,distribuidor,0.9,1.0,1.0,1.0,1,1,1,distribuidor,distribuidor,mt_vote_revoted_gte_langfilter,2026-03-09T10:18:04,0.869526743888855,0.869526743888855,0.869526743888855,nllb,es,es,es,Distribuidor
relation,gl,district,district,Distrito,distritowaters_ world- class. kgm,distrito,0.9,0.0,0.0,0.0,0,0,0,Distrito,Distrito,mt_vote,2026-03-05T14:05:45,,,,,en,en,en,Distrito
relation,gl,division,division,División,división,división,0.9,1.0,1.0,1.0,1,1,1,división,división,mt_vote_revoted_gte_langfilter,2026-03-09T10:18:04,0.8743748664855957,0.9541836977005004,0.9541836977005004,madlad,gl,gl,gl,División
relation,gl,doctoralAdvisor,doctoral Advisor,Asesor de doutoramento,Asesor de doutoramento,Conselleiro de doutoramento,0.9,1.0,0.7755,0.7755,1,0,0,Asesor de doutoramento,Asesor de doutoramento,mt_vote_revoted_gte_langfilter,2026-03-09T10:18:04,0.8693482875823975,0.8693482875823975,0.808680534362793,nllb,ro,ro,gl,AsesorDeDoutoramento
relation,gl,doctoralStudent,doctoral Student,estudante de doutoramento,Estudante de doutoramento,estudante de doutoramento,0.9,1.0,1.0,1.0,1,1,1,estudante de doutoramento,estudante de doutoramento,mt_vote_revoted_gte_langfilter,2026-03-09T10:18:04,0.9151350855827332,0.90302574634552,0.9151350855827332,nllb,ro,pt,ro,EstudanteDeDoutoramento
relation,gl,draftPick,draft Pick,Seleccione o borrador,Escolla de borrador,proxecto Pick,0.9,0.55,0.2353,0.25,0,0,0,proxecto Pick,proxecto Pick,mt_vote_revoted_gte_langfilter,2026-03-09T10:18:04,0.5696511268615723,0.566443920135498,0.8222857713699341,salamandra,gl,gl,es,ProxectoPick
relation,gl,draftRound,draft Round,Proxecto de Ronda,borrador Ronda,proxecto de rolda,0.9,0.5161,0.9412,0.4516,0,1,0,Proxecto de Ronda,Proxecto de Ronda,mt_vote_revoted_gte_langfilter,2026-03-09T10:18:04,0.6710431575775146,0.6867655515670776,0.5931148529052734,nllb,es,gl,es,ProxectoDeRonda
relation,gl,draftTeam,draft Team,Proxecto Equipo,Equipo de borrador,proxecto de equipo,0.9,0.3636,0.9091,0.3333,0,1,0,proxecto de equipo,proxecto de equipo,mt_vote_revoted_gte_langfilter,2026-03-09T10:18:04,0.6614620089530945,0.6963430047035217,0.6879394054412842,salamandra,es,gl,es,ProxectoDeEquipo
relation,gl,draftYear,draft Year,Proxecto Ano,Ano do borrador,proxecto Ano,0.9,0.2222,1.0,0.2222,0,1,0,Proxecto Ano,Proxecto Ano,mt_vote_revoted_gte_langfilter,2026-03-09T10:18:04,0.6634833812713623,0.68216472864151,0.65777587890625,nllb,es,gl,es,ProxectoAno
relation,gl,editing,editing,Edición,Editar,edición,0.9,0.0,1.0,0.0,0,1,0,edición,edición,mt_vote_revoted_gte_langfilter,2026-03-09T10:18:04,0.6976043581962585,,0.9003119468688965,salamandra,gl,en,gl,Edición
relation,gl,editor,editor,editora,editor,editor,0.9,0.0,0.0,0.0,0,0,0,editor,editor,mt_vote,2026-03-05T14:05:48,,,,,en,en,en,Editor
relation,gl,eissnNumber,eissn Number,Número de emisión,Número de Eissn,Número eissn,0.9,0.875,0.7586,0.8889,0,0,0,Número eissn,Número eissn,mt_vote_revoted_gte_langfilter,2026-03-09T10:18:04,0.6492683291435242,0.8331565856933594,0.9379062652587892,salamandra,gl,es,gl,NúmeroEissn
relation,gl,elevationAboveTheSeaLevel,elevation Above The Sea Level,elevación sobre o nivel do mar,elevación sobre o nivel do mar,elevación por riba do nivel do mar,0.9,1.0,0.8438,0.8438,1,0,0,elevación sobre o nivel do mar,elevación sobre o nivel do mar,mt_vote_revoted_gte_langfilter,2026-03-09T10:18:04,0.8245626091957092,0.8245626091957092,0.7754687070846558,nllb,gl,gl,gl,ElevaciónSobreONivelDoMar
relation,gl,elevationAboveTheSeaLevelInFeet,elevation Above The Sea Level In Feet,elevación sobre o nivel do mar en pés,elevación sobre o nivel do mar en pés,elevación por riba do nivel do mar en pés,0.9,1.0,0.8718,0.8718,1,0,0,elevación sobre o nivel do mar en pés,elevación sobre o nivel do mar en pés,mt_vote_revoted_gte_langfilter,2026-03-09T10:18:04,0.8509854674339294,0.8509854674339294,0.8322126269340515,nllb,gl,gl,gl,ElevaciónSobreONivelDoMarEnPés
relation,gl,elevationAboveTheSeaLevelInMetres,elevation Above The Sea Level In Metres,elevación sobre o nivel do mar en metros,elevación sobre o nivel do mar en metros,elevación por riba do nivel do mar en metros,0.9,1.0,0.881,0.881,1,0,0,elevación sobre o nivel do mar en metros,elevación sobre o nivel do mar en metros,mt_vote_revoted_gte_langfilter,2026-03-09T10:18:04,0.867843747138977,0.867843747138977,0.8213300704956055,nllb,gl,gl,gl,ElevaciónSobreONivelDoMarEnMetros
relation,gl,employer,employer,empregador,empregador,empregador,0.9,1.0,1.0,1.0,1,1,1,empregador,empregador,mt_vote_revoted_gte_langfilter,2026-03-09T10:18:04,0.9175418615341188,0.9175418615341188,0.9175418615341188,nllb,gl,gl,gl,Empregador
relation,gl,engine,engine,motor,motor,motor,0.9,0.0,0.0,0.0,0,0,0,motor,motor,mt_vote,2026-03-05T14:05:51,,,,,en,en,en,Motor
relation,gl,epoch,epoch,época,época,epoch,0.9,1.0,0.6,0.6,1,0,0,época,época,mt_vote_revoted_gte_langfilter,2026-03-09T10:18:04,0.6733106970787048,0.6733106970787048,1.0,nllb,fr,fr,pl,Época
relation,gl,escapeVelocity,escape Velocity,Velocidade de escape,Velocidade de escape,Velocidade de escape,0.9,1.0,1.0,1.0,1,1,1,Velocidade de escape,Velocidade de escape,mt_vote_revoted_gte_langfilter,2026-03-09T10:18:04,0.8639172315597534,0.8639172315597534,0.8639172315597534,nllb,es,es,es,VelocidadeDeEscape
relation,gl,established,established,establecida,establecido,establecido,0.9,0.9091,0.9091,1.0,1,1,1,establecido,establecido,mt_vote_revoted_gte_langfilter,2026-03-09T10:18:04,0.8330161571502686,0.8919777870178223,0.8919777870178223,madlad,es,es,es,Establecido
relation,gl,ethnicGroup,ethnic Group,grupo étnico,Grupo étnico,grupo étnico,0.9,1.0,1.0,1.0,1,1,1,grupo étnico,grupo étnico,mt_vote_revoted_gte_langfilter,2026-03-09T10:18:04,0.8825564384460449,0.878637969493866,0.8825564384460449,nllb,fr,fr,fr,GrupoÉtnico
relation,gl,extinctionDate,extinction Date,Data de extinción,Data de extinción,Data de extinción,0.9,1.0,1.0,1.0,1,1,1,Data de extinción,Data de extinción,mt_vote_revoted_gte_langfilter,2026-03-09T10:18:04,0.8766626715660095,0.8766626715660095,0.8766626715660095,nllb,gl,gl,gl,DataDeExtinción
relation,gl,failedLaunches,failed Launches,Lanzamentos fallidos,fallou o lanzamento,lances errados,0.9,0.5128,0.5882,0.303,0,0,0,fallou o lanzamento,fallou o lanzamento,mt_vote_revoted_gte_langfilter,2026-03-09T10:18:04,0.8792423009872437,0.8890541195869446,0.6741200685501099,madlad,es,it,es,FallouOLanzamento
relation,gl,family,family,familia,familia,familia,0.9,0.0,0.0,0.0,0,0,0,familia,familia,mt_vote,2026-03-05T14:05:53,,,,,en,en,en,Familia
relation,gl,fat,fat,grasa,gordura,grasa,0.9,0.0,0.0,0.0,0,0,0,gordura,gordura,mt_vote_revoted_gte_langfilter,2026-03-09T10:18:04,,0.9108362197875975,,madlad,en,fr,en,Gordura
relation,gl,fate,fate,destino,destino,destino,0.9,1.0,1.0,1.0,1,1,1,destino,destino,mt_vote_revoted_gte_langfilter,2026-03-09T10:18:04,0.7306855916976929,0.7306855916976929,0.7306855916976929,nllb,es,es,es,Destino
relation,gl,finalFlight,final Flight,Voo final,final Flight,voo final,0.9,0.0,0.0,0.0,0,0,0,voo final,voo final,mt_vote_revoted_gte_langfilter,2026-03-09T10:18:04,,,0.8265893459320068,salamandra,en,en,nl,VooFinal
relation,gl,firstAired,first Aired,Primeira emisión,Primeira emisión,Primeira emisión,0.9,1.0,1.0,1.0,1,1,1,Primeira emisión,Primeira emisión,mt_vote_revoted_gte_langfilter,2026-03-09T10:18:04,0.7738102078437805,0.7738102078437805,0.7738102078437805,nllb,gl,gl,gl,PrimeiraEmisión
relation,gl,firstAppearanceInFilm,first Appearance In Film,Primeira aparición en cine,primeira aparición no filme,primeira aparición no cinema,0.9,0.7547,0.9259,0.8727,0,1,0,Primeira aparición en cine,Primeira aparición en cine,mt_vote_revoted_gte_langfilter,2026-03-09T10:18:04,0.9136397242546082,0.9275421500205994,0.9011930227279664,nllb,gl,gl,gl,PrimeiraApariciónEnCine
relation,gl,firstPublicationYear,first Publication Year,primeiro ano de publicación,primeiro Ano de Publicación,primeiro ano de publicación,0.9,1.0,1.0,1.0,1,1,1,primeiro Ano de Publicación,primeiro Ano de Publicación,mt_vote_revoted_gte_langfilter,2026-03-09T10:18:04,0.8480674028396606,0.9250060319900512,0.8480674028396606,madlad,gl,gl,gl,PrimeiroAnoDePublicación
relation,gl,floorArea,floor Area,Superficie do piso,Área do chan,superficie do piso,0.9,0.3333,1.0,0.4,0,1,0,superficie do piso,superficie do piso,mt_vote_revoted_gte_langfilter,2026-03-09T10:18:04,0.7407232522964478,0.7013348340988159,0.8146122097969055,salamandra,pl,pt,pl,SuperficieDoPiso
relation,gl,floorCount,floor Count,Número de pisos,Número de pisos,Recuento de plantas,0.9,1.0,0.4706,0.4706,1,0,0,Número de pisos,Número de pisos,mt_vote_revoted_gte_langfilter,2026-03-09T10:18:04,0.8227844834327698,0.8227844834327698,0.5857279300689697,nllb,gl,gl,es,NúmeroDePisos
relation,gl,followedBy,followed By,seguido por,seguido por,seguido por,0.9,1.0,1.0,1.0,1,1,1,seguido por,seguido por,mt_vote_revoted_gte_langfilter,2026-03-09T10:18:04,0.9188763499259948,0.9188763499259948,0.9188763499259948,nllb,pt,pt,pt,SeguidoPor
relation,gl,format,format,formato,formato,format,0.9,0.0,0.0,0.0,0,0,0,formato,formato,mt_vote,2026-03-05T14:05:55,,,,,en,en,en,Formato
relation,gl,formerBandMember,former Band Member,antigo membro da banda,antigo membro da banda,antigo membro da banda,0.9,1.0,1.0,1.0,1,1,1,antigo membro da banda,antigo membro da banda,mt_vote_revoted_gte_langfilter,2026-03-09T10:18:04,0.8949068784713745,0.8949068784713745,0.8949068784713745,nllb,pt,pt,pt,AntigoMembroDaBanda
relation,gl,formerName,former Name,Anterior Nome,Nome anterior,antigo nome,0.9,0.0,0.0,0.0,0,0,0,antigo nome,antigo nome,mt_vote_revoted_gte_langfilter,2026-03-09T10:18:04,,,0.8823649883270264,salamandra,en,en,pt,AntigoNome
relation,gl,formerTeam,former Team,Ex-equipo,antigo Equipo,antigo equipo,0.9,0.0,0.0,1.0,0,0,1,antigo Equipo,antigo Equipo,mt_vote_revoted_gte_langfilter,2026-03-09T10:18:04,,0.8546727895736694,0.8384577631950378,madlad,en,pt,pt,AntigoEquipo
relation,gl,fossil,fossil,fósiles,fósil,fósil,0.9,0.8333,0.8333,1.0,0,0,1,fósil,fósil,mt_vote_revoted_gte_langfilter,2026-03-09T10:18:04,0.855726957321167,0.8937920331954956,0.8937920331954956,madlad,hu,hu,hu,Fósil
relation,gl,foundationPlace,foundation Place,fundación Lugar,Lugar da fundación,lugar de fundación,0.9,0.5455,0.5455,0.9444,0,0,1,lugar de fundación,lugar de fundación,mt_vote_revoted_gte_langfilter,2026-03-09T10:18:04,0.8650132417678833,0.7756251096725464,0.7887192964553833,salamandra,gl,gl,gl,LugarDeFundación
relation,gl,foundedBy,founded By,Fundado por,fundado por,fundada por,0.9,1.0,0.9091,0.9091,1,1,1,fundado por,fundado por,mt_vote_revoted_gte_langfilter,2026-03-09T10:18:04,0.8831382393836975,0.9025430679321288,0.8772831559181213,madlad,pt,pt,pt,FundadoPor
relation,gl,founder,founder,fundador,fundador,fundador,0.9,1.0,1.0,1.0,1,1,1,fundador,fundador,mt_vote_revoted_gte_langfilter,2026-03-09T10:18:04,0.9104375839233398,0.9104375839233398,0.9104375839233398,nllb,pt,pt,pt,Fundador
relation,gl,foundingDate,founding Date,Data de fundación,data de fundación,Data de fundación,0.9,1.0,1.0,1.0,1,1,1,data de fundación,data de fundación,mt_vote_revoted_gte_langfilter,2026-03-09T10:18:04,0.8436888456344604,0.8567728996276855,0.8436888456344604,madlad,gl,gl,gl,DataDeFundación
relation,gl,foundingYear,founding Year,Ano de fundación,Ano de fundación,Ano de fundación,0.9,1.0,1.0,1.0,1,1,1,Ano de fundación,Ano de fundación,mt_vote_revoted_gte_langfilter,2026-03-09T10:18:04,0.8531206846237183,0.8531206846237183,0.8531206846237183,nllb,gl,gl,gl,AnoDeFundación
relation,gl,frequency,frequency,Frecuencia,Frecuencia,frecuencia,0.9,1.0,1.0,1.0,1,1,1,frecuencia,frecuencia,mt_vote_revoted_gte_langfilter,2026-03-09T10:18:04,0.8625383973121643,0.8625383973121643,0.8691287040710449,salamandra,es,es,es,Frecuencia
relation,gl,fullName,full Name,Nome completo,Nome completo,Nome completo,0.9,0.0,0.0,0.0,0,0,0,Nome completo,Nome completo,mt_vote,2026-03-05T14:05:58,,,,,en,en,en,NomeCompleto
relation,gl,function,function,Función,función,función,0.9,1.0,1.0,1.0,1,1,1,función,función,mt_vote_revoted_gte_langfilter,2026-03-09T10:18:04,0.871197521686554,0.9191787838935852,0.9191787838935852,madlad,es,es,es,Función
relation,gl,garrison,garrison,guarnición,guarnición,garrison,0.9,1.0,0.0,0.0,1,0,0,guarnición,guarnición,mt_vote_revoted_gte_langfilter,2026-03-09T10:18:04,0.7364366054534912,0.7364366054534912,,nllb,gl,gl,en,Guarnición
relation,gl,gemstone,gemstone,pedra preciosa,pedra preciosa,pedra preciosa,0.9,1.0,1.0,1.0,1,1,1,pedra preciosa,pedra preciosa,mt_vote_revoted_gte_langfilter,2026-03-09T10:18:04,0.7890134453773499,0.7890134453773499,0.7890134453773499,nllb,es,es,es,PedraPreciosa
relation,gl,generalManager,general Manager,Gerente xeral,Non foi posíbel abrir o ficheiro% 1:% 2general Manager,director xeral,0.9,0.209,0.6667,0.2059,0,0,0,Gerente xeral,Gerente xeral,mt_vote_revoted_gte_langfilter,2026-03-09T10:18:04,0.8989843130111694,0.6586254239082336,0.7930271029472351,nllb,pt,gl,ca,GerenteXeral
relation,gl,genre,genre,género,xénero,xénero,0.9,0.8333,0.8333,1.0,0,0,1,xénero,xénero,mt_vote_revoted_gte_langfilter,2026-03-09T10:18:04,0.8042646646499634,0.607279896736145,0.607279896736145,madlad,hu,fr,fr,Xénero
relation,gl,genus,genus,xénero,xénero,xénero,0.9,1.0,1.0,1.0,1,1,1,xénero,xénero,mt_vote_revoted_gte_langfilter,2026-03-09T10:18:04,0.5240017771720886,0.5240017771720886,0.5240017771720886,nllb,fr,fr,fr,Xénero
relation,gl,governingBody,governing Body,Órgano de goberno,Corpo reitor,órgano de goberno,0.9,0.4138,1.0,0.3448,0,1,0,Órgano de goberno,Órgano de goberno,mt_vote_revoted_gte_langfilter,2026-03-09T10:18:04,0.8270044922828674,0.6705886125564575,0.8112754821777344,nllb,es,lt,es,ÓrganoDeGoberno
relation,gl,governmentType,government Type,Goberno Tipo,Tipo de goberno,Tipo de goberno,0.9,0.5185,0.5185,1.0,0,0,1,Tipo de goberno,Tipo de goberno,mt_vote_revoted_gte_langfilter,2026-03-09T10:18:04,0.7750303745269775,0.8696860074996948,0.8696860074996948,madlad,it,es,es,TipoDeGoberno
relation,gl,gridReference,grid Reference,Referencia da rede,Referencia da grella,referencia de grilla,0.9,0.8421,0.6842,0.9,0,0,1,referencia de grilla,referencia de grilla,mt_vote_revoted_gte_langfilter,2026-03-09T10:18:04,0.6277855634689331,0.6663578748703003,0.6984584331512451,salamandra,pt,it,es,ReferenciaDeGrilla
relation,gl,gross,gross,bruto,groso,bruto,0.9,0.0,0.0,0.0,0,0,0,bruto,bruto,mt_vote,2026-03-05T14:06:01,,,,,en,en,en,Bruto
relation,gl,ground,ground,terra,terra,terreo,0.9,0.0,0.0,0.0,0,0,0,terra,terra,mt_vote,2026-03-05T14:06:01,,,,,en,en,en,Terra
relation,gl,hasDeputy,has Deputy,ten Deputado,ten Delegado,ten Deputada,0.9,0.75,0.9167,0.6667,0,1,0,ten Deputado,ten Deputado,mt_vote_revoted_gte_langfilter,2026-03-09T10:18:04,0.8121067881584167,0.733423113822937,0.7690136432647705,nllb,es,gl,de,TenDeputado
relation,gl,hasToItsNorth,has To Its North,ten ao seu norte,ten ao seu norte,ten cara ao norte,0.9,1.0,0.7273,0.7273,1,0,0,ten ao seu norte,ten ao seu norte,mt_vote_revoted_gte_langfilter,2026-03-09T10:18:04,0.8392629027366638,0.8392629027366638,0.7904177904129028,nllb,gl,gl,gl,TenAoSeuNorte
relation,gl,hasToItsNortheast,has To Its Northeast,Ten ao seu nordeste,ten ao seu nordeste,ten cara ao nordeste,0.9,1.0,0.7692,0.7692,1,0,0,ten ao seu nordeste,ten ao seu nordeste,mt_vote_revoted_gte_langfilter,2026-03-09T10:18:04,0.800484836101532,0.8412617444992065,0.7966870069503784,madlad,gl,gl,gl,TenAoSeuNordeste
relation,gl,hasToItsNorthwest,has To Its Northwest,Ten ao seu noroeste,ten ao seu noroeste,ten ao seu noroeste,0.9,1.0,1.0,1.0,1,1,1,ten ao seu noroeste,ten ao seu noroeste,mt_vote_revoted_gte_langfilter,2026-03-09T10:18:04,0.7524429559707642,0.7844433188438416,0.7844433188438416,madlad,gl,gl,gl,TenAoSeuNoroeste
relation,gl,hasToItsSoutheast,has To Its Southeast,Ten ao seu sureste,ten ao seu sueste,ten cara ao sueste,0.9,0.9714,0.7222,0.7429,1,0,0,ten ao seu sueste,ten ao seu sueste,mt_vote_revoted_gte_langfilter,2026-03-09T10:18:04,0.764609694480896,0.7907241582870483,0.7686383724212646,madlad,gl,gl,gl,TenAoSeuSueste
relation,gl,hasToItsSouthwest,has To Its Southwest,Ten ao seu suroeste,ten ao seu suroeste,ten cara ao seu suroeste,0.9,1.0,0.8837,0.8837,1,0,0,ten ao seu suroeste,ten ao seu suroeste,mt_vote_revoted_gte_langfilter,2026-03-09T10:18:04,0.741543173789978,0.7547118663787842,0.7273589372634888,madlad,gl,gl,gl,TenAoSeuSuroeste
relation,gl,hasToItsWest,has To Its West,Ten para o seu oeste,ten ao seu oeste,ten cara ao oeste,0.9,0.8889,0.8108,0.7273,0,0,0,ten ao seu oeste,ten ao seu oeste,mt_vote_revoted_gte_langfilter,2026-03-09T10:18:04,0.7790650725364685,0.802008867263794,0.7763916850090027,madlad,gl,gl,gl,TenAoSeuOeste
relation,gl,headquarter,headquarter,sede,cuartel xeral,sede,0.9,0.0,0.0,0.0,0,0,0,sede,sede,mt_vote,2026-03-05T14:06:04,,,,,en,en,en,Sede
relation,gl,height,height,altura,altura,altura,0.9,0.0,0.0,0.0,0,0,0,altura,altura,mt_vote,2026-03-05T14:06:04,,,,,en,en,en,Altura
relation,gl,higher,higher,máis alto,maior,máis alto,0.9,0.4286,1.0,0.4286,0,1,0,máis alto,máis alto,mt_vote_revoted_gte_langfilter,2026-03-09T10:18:04,0.8530540466308594,0.7539999485015869,0.8530540466308594,nllb,ga,it,ga,MáisAlto
relation,gl,hubAirport,hub Airport,centro Aeroporto,hub aeroporto,hub Airport,0.9,0.6897,0.5185,0.8333,0,0,0,hub Airport,hub Airport,mt_vote_revoted_gte_langfilter,2026-03-09T10:18:04,0.7623353004455566,0.9595654606819152,1.0000001192092896,salamandra,it,pl,pl,HubAirport
relation,gl,iataLocationIdentifier,iata Location Identifier,iata Identificador de localización,Identificador de localización iata,Identificador de localización da IATA,0.9,0.8529,0.8169,0.9577,0,0,1,Identificador de localización iata,Identificador de localización iata,mt_vote_revoted_gte_langfilter,2026-03-09T10:18:04,0.919133186340332,0.900323748588562,0.8931286334991455,madlad,gl,gl,gl,IdentificadorDeLocalizaciónIata
relation,gl,icaoLocationIdentifier,icao Location Identifier,Icao Identificador de localización,Identificador de localización icao,Identificador de localización da OACI,0.9,0.8529,0.8169,0.8732,0,0,0,Icao Identificador de localización,Icao Identificador de localización,mt_vote_revoted_gte_langfilter,2026-03-09T10:18:04,0.9240871667861938,0.9158239960670472,0.840766429901123,nllb,gl,gl,gl,IcaoIdentificadorDeLocalización
relation,gl,imdbId,imdb Id,Imdb Id,Id da imdb,Id de imdb,0.9,0.0,0.0,0.9,0,0,1,Id de imdb,Id de imdb,mt_vote_revoted_gte_langfilter,2026-03-09T10:18:04,,0.9560104608535768,0.958699107170105,salamandra,en,pt,es,IdDeImdb
relation,gl,impactFactor,impact Factor,Factor de impacto,Factor de impacto,Factor de impacto,0.9,1.0,1.0,1.0,1,1,1,Factor de impacto,Factor de impacto,mt_vote_revoted_gte_langfilter,2026-03-09T10:18:04,0.9026703238487244,0.9026703238487244,0.9026703238487244,nllb,nl,nl,nl,FactorDeImpacto
relation,gl,inOfficeWhileGovernor,in Office While Governor,En funcións mentres era gobernador,in Office While Governor,Durante o seu mandato como gobernador,0.9,0.0,0.5352,0.0,0,0,0,En funcións mentres era gobernador,En funcións mentres era gobernador,mt_vote_revoted_gte_langfilter,2026-03-09T10:18:04,0.815758466720581,,0.7904698848724365,nllb,gl,en,pt,EnFunciónsMentresEraGobernador
relation,gl,inOfficeWhileMonarch,in Office While Monarch,En funcións mentres monarca,in Office While Monarch,en Office While Monarch,0.9,0.0,0.0,0.0,0,0,0,En funcións mentres monarca,En funcións mentres monarca,mt_vote_revoted_gte_langfilter,2026-03-09T10:18:04,0.8105929493904114,,,nllb,gl,en,en,EnFunciónsMentresMonarca
relation,gl,inOfficeWhilePresident,in Office While President,En funcións mentres presidente,in Office While President,en oficina mentres o presidente,0.9,0.0,0.0,0.0,0,0,0,En funcións mentres presidente,En funcións mentres presidente,mt_vote_revoted_gte_langfilter,2026-03-09T10:18:04,0.8288930058479309,,,nllb,gl,en,en,EnFunciónsMentresPresidente
relation,gl,inOfficeWhilePrimeMinister,in Office While Prime Minister,En funcións mentres era primeiro ministro,in Office While Prime Minister,no cargo de primeiro ministro,0.9,0.0,0.5429,0.0,0,0,0,no cargo de primeiro ministro,no cargo de primeiro ministro,mt_vote_revoted_gte_langfilter,2026-03-09T10:18:04,0.8323791027069092,,0.8327614068984985,salamandra,gl,en,gl,NoCargoDePrimeiroMinistro
relation,gl,inOfficeWhileVicePresident,in Office While Vice President,En funcións mentres vicepresidente,in Office While Vice President,na oficina mentres o vicepresidente,0.9,0.0,0.0,0.0,0,0,0,En funcións mentres vicepresidente,En funcións mentres vicepresidente,mt_vote_revoted_gte_langfilter,2026-03-09T10:18:04,0.8223685026168823,,,nllb,gl,en,en,EnFunciónsMentresVicepresidente
relation,gl,inaugurationDate,inauguration Date,Data de inauguración,inauguration Date,Data de inauguración,0.9,0.5405,1.0,0.5405,0,1,0,Data de inauguración,Data de inauguración,mt_vote_revoted_gte_langfilter,2026-03-09T10:18:04,0.8735712170600891,1.0000001192092896,0.8735712170600891,nllb,gl,fr,gl,DataDeInauguración
relation,gl,industry,industry,industria,industria,industria,0.9,1.0,1.0,1.0,1,1,1,industria,industria,mt_vote_revoted_gte_langfilter,2026-03-09T10:18:04,0.9186633825302124,0.9186633825302124,0.9186633825302124,nllb,et,et,et,Industria
relation,gl,influencedBy,influenced By,influenciado por,influenciado por,influenciado por,0.9,1.0,1.0,1.0,1,1,1,influenciado por,influenciado por,mt_vote_revoted_gte_langfilter,2026-03-09T10:18:04,0.9038671255111694,0.9038671255111694,0.9038671255111694,nllb,es,es,es,InfluenciadoPor
relation,gl,ingredient,ingredient,ingrediente,ingrediente,ingrediente,0.9,1.0,1.0,1.0,1,1,1,ingrediente,ingrediente,mt_vote_revoted_gte_langfilter,2026-03-09T10:18:04,0.8399984836578369,0.8399984836578369,0.8399984836578369,nllb,de,de,de,Ingrediente
relation,gl,instrument,instrument,instrumento,instrumento,instrumento,0.9,1.0,1.0,1.0,1,1,1,instrumento,instrumento,mt_vote_revoted_gte_langfilter,2026-03-09T10:18:04,0.9484536647796632,0.9484536647796632,0.9484536647796632,nllb,es,es,es,Instrumento
relation,gl,isPartOf,is Part Of,é parte de,é parte de,é parte de,0.9,1.0,1.0,1.0,1,1,1,é parte de,é parte de,mt_vote_revoted_gte_langfilter,2026-03-09T10:18:04,0.8935952186584473,0.8935952186584473,0.8935952186584473,nllb,fr,fr,fr,ÉParteDe
relation,gl,isPartOfMilitaryConflict,is Part Of Military Conflict,É parte do conflito militar.,é parte dun conflito militar,Forma parte dun conflito militar,0.9,0.9286,0.8333,0.9,1,0,1,é parte dun conflito militar,é parte dun conflito militar,mt_vote_revoted_gte_langfilter,2026-03-09T10:18:04,0.7557823657989502,0.8613866567611694,0.767619252204895,madlad,pt,fr,it,ÉParteDunConflitoMilitar
relation,gl,isbnNumber,isbn Number,ISBN Número,Número de isbn,Número ISBN,0.9,0.48,0.5455,0.88,0,0,0,Número de isbn,Número de isbn,mt_vote_revoted_gte_langfilter,2026-03-09T10:18:04,0.8821209669113159,0.9525978565216064,0.8942589163780212,madlad,sk,gl,es,NúmeroDeIsbn
relation,gl,iso6391Code,iso6391Code,ISO6391Código,Código iso6391,iso6391Code,0.9,0.5185,0.0,0.0,0,0,0,Código iso6391,Código iso6391,mt_vote_revoted_gte_langfilter,2026-03-09T10:18:04,0.904559314250946,0.967483937740326,,madlad,hu,gl,en,CódigoIso6391
relation,gl,iso6392Code,iso6392Code,iso6392Código,Código iso6392,iso6392Code,0.9,0.5185,0.0,0.0,0,0,0,Código iso6392,Código iso6392,mt_vote_revoted_gte_langfilter,2026-03-09T10:18:04,0.9029827117919922,0.9665676355361938,,madlad,hu,gl,en,CódigoIso6392
relation,gl,issnNumber,issn Number,ISBN Número,Número ISSN,número issn,0.9,0.5455,0.5455,1.0,0,0,1,número issn,número issn,mt_vote_revoted_gte_langfilter,2026-03-09T10:18:04,0.6458495855331421,0.7648316621780396,0.9681106209754944,salamandra,sk,es,gl,NúmeroIssn
relation,gl,jurisdiction,jurisdiction,Xurisdición,xurisdición,xurisdición,0.9,1.0,1.0,1.0,1,1,1,xurisdición,xurisdición,mt_vote_revoted_gte_langfilter,2026-03-09T10:18:04,0.6422733664512634,0.7207847833633423,0.7207847833633423,madlad,gl,gl,gl,Xurisdición
relation,gl,keyPerson,key Person,Persona clave,persoa chave,Persoa clave,0.9,0.0,0.96,0.0,0,1,0,Persoa clave,Persoa clave,mt_vote_revoted_gte_langfilter,2026-03-09T10:18:04,0.8417184948921204,,0.8720798492431641,salamandra,es,en,eu,PersoaClave
relation,gl,knownFor,known For,coñecidos por,coñecido para,coñecido Por,0.9,0.8462,0.96,0.88,0,1,0,coñecidos por,coñecidos por,mt_vote_revoted_gte_langfilter,2026-03-09T10:18:04,0.6667251586914062,0.6715184450149536,0.6287485361099243,nllb,es,gl,gl,CoñecidosPor
relation,gl,language,language,lingua,lingua,lingua,0.9,1.0,1.0,1.0,1,1,1,lingua,lingua,mt_vote_revoted_gte_langfilter,2026-03-09T10:18:04,0.811512291431427,0.811512291431427,0.811512291431427,nllb,et,et,et,Lingua
relation,gl,largestCity,largest City,maior cidade,Cidade máis grande,Cidade máis grande,0.9,0.4,0.4,1.0,0,0,1,Cidade máis grande,Cidade máis grande,mt_vote_revoted_gte_langfilter,2026-03-09T10:18:04,0.9260172843933104,0.9259679913520812,0.9259679913520812,madlad,pt,pt,pt,CidadeMáisGrande
relation,gl,lastAired,last Aired,Última emisión,última emisión,última emisión,0.9,1.0,1.0,1.0,1,1,1,Última emisión,Última emisión,mt_vote_revoted_gte_langfilter,2026-03-09T10:18:04,0.8108648061752319,0.8064450025558472,0.8064450025558472,nllb,gl,gl,gl,ÚltimaEmisión
relation,gl,latinName,latin Name,Nome en latín,Nome latino,Nome latino,0.9,0.75,0.75,1.0,0,0,1,Nome latino,Nome latino,mt_vote_revoted_gte_langfilter,2026-03-09T10:18:04,0.9272044897079468,0.8798468112945557,0.8798468112945557,madlad,es,es,es,NomeLatino
relation,gl,launchSite,launch Site,Sitio de lanzamento,launch Site,lanzar o sitio,0.9,0.0,0.303,0.0,0,0,0,lanzar o sitio,lanzar o sitio,mt_vote_revoted_gte_langfilter,2026-03-09T10:18:04,0.8176183104515076,,0.9078681468963624,salamandra,es,en,gl,LanzarOSitio
relation,gl,layout,layout,Layout,disposición,layout,0.9,0.0,0.0,0.0,0,0,0,disposición,disposición,mt_vote_revoted_gte_langfilter,2026-03-09T10:18:04,,0.6420643329620361,,madlad,en,gl,en,Disposición
relation,gl,leader,leader,líder,líder,líder,0.9,1.0,1.0,1.0,1,1,1,líder,líder,mt_vote_revoted_gte_langfilter,2026-03-09T10:18:04,0.8480731844902039,0.8480731844902039,0.8480731844902039,nllb,cs,cs,cs,Líder
relation,gl,leaderParty,leader Party,líder Partido,líder Partido,líder do partido,0.9,1.0,0.8966,0.8966,1,0,0,líder Partido,líder Partido,mt_vote_revoted_gte_langfilter,2026-03-09T10:18:04,0.9223573207855223,0.9223573207855223,0.921912431716919,nllb,es,es,pt,LíderPartido
relation,gl,leaderTitle,leader Title,líder Título,líder Título,líder Título,0.9,1.0,1.0,1.0,1,1,1,líder Título,líder Título,mt_vote_revoted_gte_langfilter,2026-03-09T10:18:04,0.8979820609092712,0.8979820609092712,0.8979820609092712,nllb,cs,cs,cs,LíderTítulo
relation,gl,league,league,liga,ligaunit description in lists,liga,0.9,0.0,0.0,0.0,0,0,0,ligaunit description in lists,ligaunit description in lists,mt_vote_revoted_gte_langfilter,2026-03-09T10:18:04,,0.6392868757247925,,madlad,en,fr,en,LigaunitDescriptionInLists
relation,gl,legislature,legislature,poder legislativo,lexislatura,lexislatura,0.9,0.0,0.0,0.0,0,0,0,poder legislativo,poder legislativo,mt_vote_revoted_gte_langfilter,2026-03-09T10:18:04,0.8342466354370117,,,nllb,es,en,en,PoderLegislativo
relation,gl,length,length,lonxitude,lonxitude,length,0.9,1.0,0.0,0.0,1,0,0,lonxitude,lonxitude,mt_vote_revoted_gte_langfilter,2026-03-09T10:18:04,0.5501564741134644,0.5501564741134644,,nllb,et,et,en,Lonxitude
relation,gl,libraryofCongressClassification,libraryof Congress Classification,Biblioteca do Congreso de Clasificación,libraryof Congress Classification,Clasificación da Biblioteca do Congreso,0.9,0.0,0.5641,0.0,0,0,0,Clasificación da Biblioteca do Congreso,Clasificación da Biblioteca do Congreso,mt_vote_revoted_gte_langfilter,2026-03-09T10:18:04,0.8199519515037537,,0.8991371393203735,salamandra,gl,en,gl,ClasificaciónDaBibliotecaDoCongreso
relation,gl,literaryGenre,literary Genre,Literatura Género,xénero literario,Xénero literario,0.9,0.4848,0.4848,1.0,0,0,1,xénero literario,xénero literario,mt_vote_revoted_gte_langfilter,2026-03-09T10:18:04,0.8152166604995728,0.8000830411911011,0.76011061668396,madlad,hu,gl,es,XéneroLiterario
relation,gl,location,location,localización,localización,localización,0.9,1.0,1.0,1.0,1,1,1,localización,localización,mt_vote_revoted_gte_langfilter,2026-03-09T10:18:04,0.8366522789001465,0.8366522789001465,0.8366522789001465,nllb,gl,gl,gl,Localización
relation,gl,locationIdentifier,location Identifier,Identificador de localización,Identificador da localización,identificador de localización,0.9,0.9655,1.0,0.9655,1,1,1,Identificador da localización,Identificador da localización,mt_vote_revoted_gte_langfilter,2026-03-09T10:18:04,0.8799774646759033,0.8880045413970947,0.8831345438957214,madlad,gl,gl,gl,IdentificadorDaLocalización
relation,gl,longName,long Name,nome longo,Nome longo,longo nome,0.9,0.0,0.0,0.0,0,0,0,longo nome,longo nome,mt_vote_revoted_gte_langfilter,2026-03-09T10:18:04,,,0.9155424237251282,salamandra,en,en,pt,LongoNome
relation,gl,maidenFlight,maiden Flight,Primeira Voo,maiden Flight,maiden Flight,0.9,0.24,0.24,1.0,0,0,1,maiden Flight,maiden Flight,mt_vote_revoted_gte_langfilter,2026-03-09T10:18:04,0.6903036832809448,1.0,1.0,madlad,pt,de,de,MaidenFlight
relation,gl,maidenVoyage,maiden Voyage,Viaxe de solteira,maiden Voyage,Viaxe inaugural,0.9,0.4,0.5625,0.3571,0,0,0,maiden Voyage,maiden Voyage,mt_vote_revoted_gte_langfilter,2026-03-09T10:18:04,0.6261745691299438,1.0000001192092896,0.6007974147796631,madlad,gl,de,fr,MaidenVoyage
relation,gl,mainIngredient,main Ingredient,Principais ingredientes,ingrediente principal,ingrediente principal,0.9,0.5,0.5,1.0,0,0,1,ingrediente principal,ingrediente principal,mt_vote_revoted_gte_langfilter,2026-03-09T10:18:04,0.8222874402999878,0.8812658786773682,0.8812658786773682,madlad,pt,es,es,IngredientePrincipal
relation,gl,manager,manager,xestor,xestor,director,0.9,0.0,0.0,0.0,0,0,0,xestor,xestor,mt_vote,2026-03-05T14:06:19,,,,,en,en,en,Xestor
relation,gl,manufacturer,manufacturer,Fabricante,fabricante,fabricante,0.9,1.0,1.0,1.0,1,1,1,fabricante,fabricante,mt_vote_revoted_gte_langfilter,2026-03-09T10:18:04,0.8240828514099121,0.8894482851028442,0.8894482851028442,madlad,es,es,es,Fabricante
relation,gl,mascot,mascot,mascota,mascota,mascota,0.9,0.0,0.0,0.0,0,0,0,mascota,mascota,mt_vote,2026-03-05T14:06:19,,,,,en,en,en,Mascota
relation,gl,mass,mass,masa,% 1 quilómetros cadradosamount in units (integer),masa,0.9,0.0,0.0,0.0,0,0,0,% 1 quilómetros cadradosamount in units (integer),% 1 quilómetros cadradosamount in units (integer),mt_vote_revoted_gte_langfilter,2026-03-09T10:18:04,,0.5869989395141602,,madlad,en,es,en,%1QuilómetrosCadradosamountInUnits(integer)
relation,gl,material,material,material,material,material,0.9,0.0,0.0,0.0,0,0,0,material,material,mt_vote,2026-03-05T14:06:20,,,,,en,en,en,Material
relation,gl,maximumTemperature,maximum Temperature,temperatura máxima,Temperatura máxima,temperatura máxima,0.9,1.0,1.0,1.0,1,1,1,Temperatura máxima,Temperatura máxima,mt_vote_revoted_gte_langfilter,2026-03-09T10:18:04,0.836962103843689,0.8751710653305054,0.836962103843689,madlad,gl,gl,gl,TemperaturaMáxima
relation,gl,mayor,mayor,alcalde,maior,alcalde,0.9,0.1667,1.0,0.1667,0,1,0,alcalde,alcalde,mt_vote_revoted_gte_langfilter,2026-03-09T10:18:04,0.8852810263633728,0.7456241250038147,0.8852810263633728,nllb,eu,it,eu,Alcalde
relation,gl,meanTemperature,mean Temperature,Temperatura media,Temperatura media,temperatura media,0.9,0.0,0.0,0.0,0,0,0,Temperatura media,Temperatura media,mt_vote,2026-03-05T14:06:21,,,,,en,en,en,TemperaturaMedia
relation,gl,meaning,meaning,significado,significado,significado,0.9,1.0,1.0,1.0,1,1,1,significado,significado,mt_vote_revoted_gte_langfilter,2026-03-09T10:18:04,0.944221556186676,0.944221556186676,0.944221556186676,nllb,es,es,es,Significado
relation,gl,mediaType,media Type,Tipo de medio,Tipo de medio,tipo de medios,0.9,1.0,0.963,0.963,1,1,1,tipo de medios,tipo de medios,mt_vote_revoted_gte_langfilter,2026-03-09T10:18:04,0.7541407346725464,0.7541407346725464,0.8634503483772278,salamandra,es,es,es,TipoDeMedios
relation,gl,militaryBranch,military Branch,Branca militar,rama militar,División militar,0.9,0.8462,0.6,0.5714,0,0,0,Branca militar,Branca militar,mt_vote_revoted_gte_langfilter,2026-03-09T10:18:04,0.8685585260391235,0.7356956601142883,0.8166792392730713,nllb,it,es,gl,BrancaMilitar
relation,gl,militaryRank,military Rank,Rango militar,Rango militar,rango militar,0.9,1.0,1.0,1.0,1,1,1,rango militar,rango militar,mt_vote_revoted_gte_langfilter,2026-03-09T10:18:04,0.8230751156806946,0.8230751156806946,0.928831160068512,salamandra,pl,pl,pl,RangoMilitar
relation,gl,minimumTemperature,minimum Temperature,Temperatura mínima,Temperatura mínima,temperatura mínima,0.9,1.0,1.0,1.0,1,1,1,temperatura mínima,temperatura mínima,mt_vote_revoted_gte_langfilter,2026-03-09T10:18:04,0.8899399042129517,0.8899399042129517,0.918025553226471,salamandra,cs,cs,cs,TemperaturaMínima
relation,gl,mission,mission,misión,misión,misión,0.9,1.0,1.0,1.0,1,1,1,misión,misión,mt_vote_revoted_gte_langfilter,2026-03-09T10:18:04,0.9556469321250916,0.9556469321250916,0.9556469321250916,nllb,gl,gl,gl,Misión
relation,gl,modelStartYear,model Start Year,modelo Ano de inicio,modelo Ano de inicio,modelo Ano de inicio,0.9,1.0,1.0,1.0,1,1,1,modelo Ano de inicio,modelo Ano de inicio,mt_vote_revoted_gte_langfilter,2026-03-09T10:18:04,0.8461403846740723,0.8461403846740723,0.8461403846740723,nllb,es,es,es,ModeloAnoDeInicio
relation,gl,modelYears,model Years,Anos de modelo,Anos de modelo,model Years,0.9,1.0,0.4,0.4,1,0,0,Anos de modelo,Anos de modelo,mt_vote_revoted_gte_langfilter,2026-03-09T10:18:04,0.9254186749458312,0.9254186749458312,1.0,nllb,es,es,es,AnosDeModelo
relation,gl,mostChampions,most Champions,A maioría dos campións,máis Campións,a maioría dos campións,0.9,0.6857,1.0,0.6857,0,1,0,a maioría dos campións,a maioría dos campións,mt_vote_revoted_gte_langfilter,2026-03-09T10:18:04,0.8588091731071472,0.8564648032188416,0.8764220476150513,salamandra,gl,gl,gl,AMaioríaDosCampións
relation,gl,motto,motto,lema,lema,motto,0.9,1.0,0.0,0.0,1,0,0,lema,lema,mt_vote_revoted_gte_langfilter,2026-03-09T10:18:04,0.616064190864563,0.616064190864563,,nllb,es,es,en,Lema
relation,gl,municipality,municipality,municipio,municipality. kgm,municipio,0.9,0.6154,1.0,0.6154,0,1,0,municipio,municipio,mt_vote_revoted_gte_langfilter,2026-03-09T10:18:04,0.8709118962287903,0.8054021596908569,0.8709118962287903,nllb,es,es,es,Municipio
relation,gl,musicComposer,music Composer,Música Compositor,Compositor de música,Compositor de música,0.9,0.5405,0.5405,1.0,0,0,1,Compositor de música,Compositor de música,mt_vote_revoted_gte_langfilter,2026-03-09T10:18:04,0.9016708135604858,0.9089181423187256,0.9089181423187256,madlad,ga,ca,ca,CompositorDeMúsica
relation,gl,musicFusionGenre,music Fusion Genre,Música Fusión Género,music Fusion Genre,Xénero de fusión musical,0.9,0.0,0.3636,0.0,0,0,0,Xénero de fusión musical,Xénero de fusión musical,mt_vote_revoted_gte_langfilter,2026-03-09T10:18:04,0.8500002026557922,,0.8550078868865967,salamandra,gl,en,gl,XéneroDeFusiónMusical
relation,gl,musicSubgenre,music Subgenre,música Subxénero,Subxénero de música,Subxénero musical,0.9,0.5143,0.5455,0.8333,0,0,0,Subxénero de música,Subxénero de música,mt_vote_revoted_gte_langfilter,2026-03-09T10:18:04,0.7704454660415649,0.8692666888237,0.85633385181427,madlad,gl,gl,gl,SubxéneroDeMúsica
relation,gl,musicalArtist,musical Artist,Artista musical,musical Artista,Artista musical,0.9,0.0,1.0,0.0,0,1,0,Artista musical,Artista musical,mt_vote_revoted_gte_langfilter,2026-03-09T10:18:04,0.9376671314239502,,0.9376671314239502,nllb,es,en,es,ArtistaMusical
relation,gl,musicalBand,musical Band,Banda musical,Banda musical,banda musical,0.9,1.0,1.0,1.0,1,1,1,banda musical,banda musical,mt_vote_revoted_gte_langfilter,2026-03-09T10:18:04,0.8803900480270386,0.8803900480270386,0.916944146156311,salamandra,ms,ms,ms,BandaMusical
relation,gl,nationality,nationality,nacionalidade,nacionalidade,nacionalidade,0.9,1.0,1.0,1.0,1,1,1,nacionalidade,nacionalidade,mt_vote_revoted_gte_langfilter,2026-03-09T10:18:04,0.9087591171264648,0.9087591171264648,0.9087591171264648,nllb,es,es,es,Nacionalidade
relation,gl,nativeName,native Name,Nome nativo,Nome nativo,Nome nativo,0.9,1.0,1.0,1.0,1,1,1,Nome nativo,Nome nativo,mt_vote_revoted_gte_langfilter,2026-03-09T10:18:04,0.9210941195487976,0.9210941195487976,0.9210941195487976,nllb,es,es,es,NomeNativo
relation,gl,nearestCity,nearest City,Cidade máis próxima,Cidade máis próxima,Cidade máis próxima,0.9,1.0,1.0,1.0,1,1,1,Cidade máis próxima,Cidade máis próxima,mt_vote_revoted_gte_langfilter,2026-03-09T10:18:04,0.9071964025497437,0.9071964025497437,0.9071964025497437,nllb,gl,gl,gl,CidadeMáisPróxima
relation,gl,neighboringMunicipality,neighboring Municipality,municipio veciño,neighboring Municipalitygreece_ prefectures. kgm,municipio veciño,0.9,0.3125,1.0,0.3125,0,1,0,municipio veciño,municipio veciño,mt_vote_revoted_gte_langfilter,2026-03-09T10:18:04,0.7758346199989319,0.7165523171424866,0.7758346199989319,nllb,es,ro,es,MunicipioVeciño
relation,gl,netIncome,net Income,Ingresos netos,ingresos netos,Ingreso neto,0.9,1.0,0.9231,0.9231,1,1,1,ingresos netos,ingresos netos,mt_vote_revoted_gte_langfilter,2026-03-09T10:18:04,0.8001977205276489,0.8514882326126099,0.7915340662002563,madlad,es,es,it,IngresosNetos
relation,gl,nickname,nickname,apelido,alcume,nickname,0.9,0.0,0.2667,0.0,0,0,0,nickname,nickname,mt_vote_revoted_gte_langfilter,2026-03-09T10:18:04,0.7211973667144775,,1.0000001192092896,salamandra,pt,en,sv,Nickname
relation,gl,notableWork,notable Work,Traballo destacado,Traballo notable,Traballo notable,0.9,0.6471,0.6471,1.0,0,0,1,Traballo notable,Traballo notable,mt_vote_revoted_gte_langfilter,2026-03-09T10:18:04,0.8386098146438599,0.8770446181297302,0.8770446181297302,madlad,es,es,es,TraballoNotable
relation,gl,numberOfDoctoralStudents,number Of Doctoral Students,Número de estudantes de doutoramento,número de estudantes de doutoramento,número de estudantes de doutoramento,0.9,1.0,1.0,1.0,1,1,1,número de estudantes de doutoramento,número de estudantes de doutoramento,mt_vote_revoted_gte_langfilter,2026-03-09T10:18:04,0.9193574786186218,0.9280598163604736,0.9280598163604736,madlad,gl,gl,gl,NúmeroDeEstudantesDeDoutoramento
relation,gl,numberOfEmployees,number Of Employees,Número de empregados,Número de empregados,número de empregados,0.9,1.0,1.0,1.0,1,1,1,Número de empregados,Número de empregados,mt_vote_revoted_gte_langfilter,2026-03-09T10:18:05,0.9140927195549012,0.9140927195549012,0.9086666107177734,nllb,gl,gl,gl,NúmeroDeEmpregados
relation,gl,numberOfLocations,number Of Locations,número de localizacións,Número de posicións,número de localizacións,0.9,0.8095,1.0,0.8095,0,1,0,número de localizacións,número de localizacións,mt_vote_revoted_gte_langfilter,2026-03-09T10:18:05,0.8477776050567627,0.753044843673706,0.8477776050567627,nllb,gl,gl,gl,NúmeroDeLocalizacións
relation,gl,numberOfMembers,number Of Members,Número de membros,Número de membros,número de membros,0.9,1.0,1.0,1.0,1,1,1,número de membros,número de membros,mt_vote_revoted_gte_langfilter,2026-03-09T10:18:05,0.930139422416687,0.930139422416687,0.9319113492965698,salamandra,gl,gl,gl,NúmeroDeMembros
relation,gl,numberOfPages,number Of Pages,número de páxinas,Número de páxinas,número de páxinas,0.9,1.0,1.0,1.0,1,1,1,número de páxinas,número de páxinas,mt_vote_revoted_gte_langfilter,2026-03-09T10:18:05,0.8493912816047668,0.8439108729362488,0.8493912816047668,nllb,gl,gl,gl,NúmeroDePáxinas
relation,gl,numberOfPostgraduateStudents,number Of Postgraduate Students,Número de estudantes de posgrado,número de estudantes de posgrao,número de estudantes de posgrao,0.9,0.9841,0.9841,1.0,1,1,1,Número de estudantes de posgrado,Número de estudantes de posgrado,mt_vote_revoted_gte_langfilter,2026-03-09T10:18:05,0.9182770252227784,0.9144760370254515,0.9144760370254515,nllb,es,gl,gl,NúmeroDeEstudantesDePosgrado
relation,gl,numberOfRooms,number Of Rooms,número de habitacións,Número de habitacións,número de cuartos,0.9,1.0,0.6842,0.6842,1,0,0,Número de habitacións,Número de habitacións,mt_vote_revoted_gte_langfilter,2026-03-09T10:18:05,0.9219274520874025,0.9309568405151368,0.7367938756942749,madlad,gl,gl,es,NúmeroDeHabitacións
relation,gl,numberOfStudents,number Of Students,Número de estudantes,Número de alumnos,número de estudantes,0.9,0.5946,1.0,0.7027,0,1,0,número de estudantes,número de estudantes,mt_vote_revoted_gte_langfilter,2026-03-09T10:18:05,0.9409350752830504,0.927987813949585,0.941458523273468,salamandra,gl,gl,gl,NúmeroDeEstudantes
relation,gl,numberOfUndergraduateStudents,number Of Undergraduate Students,Número de estudantes de graduación,número de estudantes de grao,número de estudantes universitarios,0.9,0.871,0.7246,0.7937,0,0,0,número de estudantes universitarios,número de estudantes universitarios,mt_vote_revoted_gte_langfilter,2026-03-09T10:18:05,0.8082379102706909,0.8259532451629639,0.8856136798858643,salamandra,gl,gl,es,NúmeroDeEstudantesUniversitarios
relation,gl,numberOfVotesAttained,number Of Votes Attained,Número de votos obtidos,Número de votos obtidos,número de votos obtidos,0.9,1.0,1.0,1.0,1,1,1,número de votos obtidos,número de votos obtidos,mt_vote_revoted_gte_langfilter,2026-03-09T10:18:05,0.8577179908752441,0.8577179908752441,0.869627833366394,salamandra,gl,gl,gl,NúmeroDeVotosObtidos
relation,gl,occupation,occupation,Ocupación,ocupación,ocupación,0.9,1.0,1.0,1.0,1,1,1,ocupación,ocupación,mt_vote_revoted_gte_langfilter,2026-03-09T10:18:05,0.7945066690444946,0.895262598991394,0.895262598991394,madlad,gl,gl,gl,Ocupación
relation,gl,oclcNumber,oclc Number,Oclc Número,Número oclc,Número oclc,0.9,0.5455,0.5455,1.0,0,0,1,Número oclc,Número oclc,mt_vote_revoted_gte_langfilter,2026-03-09T10:18:05,0.9687594175338744,0.9772162437438964,0.9772162437438964,madlad,sk,es,es,NúmeroOclc
relation,gl,office,office,oficina,oficina,office,0.9,1.0,0.0,0.0,1,0,0,oficina,oficina,mt_vote_revoted_gte_langfilter,2026-03-09T10:18:05,0.8819799423217773,0.8819799423217773,,nllb,es,es,en,Oficina
relation,gl,officialLanguage,official Language,Lingua oficial,Lingua oficial,Lingua oficial,0.9,0.0,0.0,0.0,0,0,0,Lingua oficial,Lingua oficial,mt_vote,2026-03-05T14:06:33,,,,,en,en,en,LinguaOficial
relation,gl,officialSchoolColour,official School Colour,Cor oficial da escola,Cor oficial da escola,cor oficial da escola,0.9,1.0,1.0,1.0,1,1,1,cor oficial da escola,cor oficial da escola,mt_vote_revoted_gte_langfilter,2026-03-09T10:18:05,0.8757244348526001,0.8757244348526001,0.8785623908042908,salamandra,pt,pt,pt,CorOficialDaEscola
relation,gl,operatingIncome,operating Income,Rendemento operativo,ingresos de funcionamento,Ingresos de explotación,0.9,0.4,0.2791,0.625,0,0,0,ingresos de funcionamento,ingresos de funcionamento,mt_vote_revoted_gte_langfilter,2026-03-09T10:18:05,0.771531343460083,0.7758731842041016,0.7569682598114014,madlad,it,es,es,IngresosDeFuncionamento
relation,gl,operatingOrganisation,operating Organisation,Organización operativa,Organización operativa,Organización operativa,0.9,1.0,1.0,1.0,1,1,1,Organización operativa,Organización operativa,mt_vote_revoted_gte_langfilter,2026-03-09T10:18:05,0.9120116233825684,0.9120116233825684,0.9120116233825684,nllb,gl,gl,gl,OrganizaciónOperativa
relation,gl,operator,operator,operador,operador,operador,0.9,1.0,1.0,1.0,1,1,1,operador,operador,mt_vote_revoted_gte_langfilter,2026-03-09T10:18:05,0.948595941066742,0.948595941066742,0.948595941066742,nllb,pt,pt,pt,Operador
relation,gl,orbitalPeriod,orbital Period,Período orbital,Período orbital,Período orbital,0.9,1.0,1.0,1.0,1,1,1,Período orbital,Período orbital,mt_vote_revoted_gte_langfilter,2026-03-09T10:18:05,0.9409696459770204,0.9409696459770204,0.9409696459770204,nllb,gl,gl,gl,PeríodoOrbital
relation,gl,order,order,ordenación,orde,orde,0.9,0.0,0.0,0.0,0,0,0,ordenación,ordenación,mt_vote_revoted_gte_langfilter,2026-03-09T10:18:05,0.7926010489463806,,,nllb,es,en,en,Ordenación
relation,gl,origin,origin,Orixe,orixe,orixe,0.9,0.0,0.0,0.0,0,0,0,Orixe,Orixe,mt_vote,2026-03-05T14:06:34,,,,,en,en,en,Orixe
relation,gl,outlookRanking,outlook Ranking,Perspectivas Clasificación,Clasificación do outlook,clasamento outlook,0.9,0.52,0.2727,0.7143,0,0,0,clasamento outlook,clasamento outlook,mt_vote_revoted_gte_langfilter,2026-03-09T10:18:05,0.6418243050575256,0.8161801695823669,0.899517297744751,salamandra,gl,gl,it,ClasamentoOutlook
relation,gl,owner,owner,propietario,owner,propietario,0.9,0.0,1.0,0.0,0,1,0,propietario,propietario,mt_vote_revoted_gte_langfilter,2026-03-09T10:18:05,0.9240259528160096,,0.9240259528160096,nllb,es,en,es,Propietario
relation,gl,owningOrganisation,owning Organisation,Organización propietaria,Organización propietaria,Organización propietaria,0.9,1.0,1.0,1.0,1,1,1,Organización propietaria,Organización propietaria,mt_vote_revoted_gte_langfilter,2026-03-09T10:18:05,0.856411337852478,0.856411337852478,0.856411337852478,nllb,gl,gl,gl,OrganizaciónPropietaria
relation,gl,parentCompany,parent Company,Empresa matriz,Compañía nai,empresa matriz,0.9,0.4615,1.0,0.4615,0,1,0,Empresa matriz,Empresa matriz,mt_vote_revoted_gte_langfilter,2026-03-09T10:18:05,0.7229000329971313,0.6921659708023071,0.6885998249053955,nllb,es,es,es,EmpresaMatriz
relation,gl,part,part,parte,parte,parte,0.9,1.0,1.0,1.0,1,1,1,parte,parte,mt_vote_revoted_gte_langfilter,2026-03-09T10:18:05,0.8929509520530701,0.8929509520530701,0.8929509520530701,nllb,de,de,de,Parte
relation,gl,partialFailures,partial Failures,Fallas parciais,fallos parciais,fallos parciais,0.9,0.9333,0.9333,1.0,1,1,1,fallos parciais,fallos parciais,mt_vote_revoted_gte_langfilter,2026-03-09T10:18:05,0.7010493278503418,0.7423713803291321,0.7423713803291321,madlad,lt,lt,lt,FallosParciais
relation,gl,partsType,parts Type,Tipo de pezas,Tipo de partes,Tipos de pezas,0.9,0.8148,0.963,0.7857,0,1,0,Tipo de pezas,Tipo de pezas,mt_vote_revoted_gte_langfilter,2026-03-09T10:18:05,0.6845698952674866,0.8979722261428833,0.6520941257476807,nllb,es,es,es,TipoDePezas
relation,gl,party,party,festa,festa,partido,0.9,0.0,0.0,0.0,0,0,0,partido,partido,mt_vote_revoted_gte_langfilter,2026-03-09T10:18:05,,,0.8022151589393616,salamandra,en,en,es,Partido
relation,gl,patronSaint,patron Saint,Santo patrón,Santo patrón,santo patrón,0.9,1.0,1.0,1.0,1,1,1,santo patrón,santo patrón,mt_vote_revoted_gte_langfilter,2026-03-09T10:18:05,0.8163827061653137,0.8163827061653137,0.8385734558105469,salamandra,gl,gl,gl,SantoPatrón
relation,gl,percentageOfAreaWater,percentage Of Area Water,Porcentaxe de superficie de auga,porcentaxe da área de auga,porcentaxe de superficie de auga,0.9,0.7241,1.0,0.7931,0,1,0,porcentaxe de superficie de auga,porcentaxe de superficie de auga,mt_vote_revoted_gte_langfilter,2026-03-09T10:18:05,0.8700546622276306,0.9366388320922852,0.876609742641449,salamandra,ro,pt,ro,PorcentaxeDeSuperficieDeAuga
relation,gl,periapsis,periapsis,periapsis,periapsis,periapside,0.9,0.0,0.0,0.0,0,0,0,periapsis,periapsis,mt_vote,2026-03-05T14:06:38,,,,,en,en,en,Periapsis
relation,gl,place,place,lugar,lugar,lugar,0.9,0.0,0.0,0.0,0,0,0,lugar,lugar,mt_vote,2026-03-05T14:06:38,,,,,en,en,en,Lugar
relation,gl,playerNumber,player Number,número de xogadores,Número do xogador,Número de xogador,0.9,0.8889,0.9444,0.9412,0,1,1,Número do xogador,Número do xogador,mt_vote_revoted_gte_langfilter,2026-03-09T10:18:05,0.8073270916938782,0.8558024168014526,0.8317128419876099,madlad,gl,gl,gl,NúmeroDoXogador
relation,gl,populationDensity,population Density,Densidade de poboación,Densidade de poboación,densidade de poboación,0.9,1.0,1.0,1.0,1,1,1,densidade de poboación,densidade de poboación,mt_vote_revoted_gte_langfilter,2026-03-09T10:18:05,0.892151951789856,0.892151951789856,0.9042327404022216,salamandra,gl,gl,gl,DensidadeDePoboación
relation,gl,populationMetro,population Metro,poboación Metro,poboación Metro,Metro de poboación,0.9,1.0,0.5455,0.5455,1,0,0,poboación Metro,poboación Metro,mt_vote_revoted_gte_langfilter,2026-03-09T10:18:05,0.8742384314537048,0.8742384314537048,0.8157140612602234,nllb,gl,gl,gl,PoboaciónMetro
relation,gl,populationMetroDensity,population Metro Density,Densidade de poboación,poboación Metro Densidade,Densidade metropolitana de poboación,0.9,0.383,0.7586,0.2951,0,0,0,poboación Metro Densidade,poboación Metro Densidade,mt_vote_revoted_gte_langfilter,2026-03-09T10:18:05,0.7440880537033081,0.9183550477027892,0.881210446357727,madlad,gl,es,es,PoboaciónMetroDensidade
relation,gl,populationTotal,population Total,Población total,poboación Total,población total,0.9,0.9333,1.0,0.9333,1,1,1,población total,población total,mt_vote_revoted_gte_langfilter,2026-03-09T10:18:05,0.905210018157959,0.7984706163406372,0.9374736547470092,salamandra,es,gl,es,PoblaciónTotal
relation,gl,position,position,posición,posición,posición,0.9,1.0,1.0,1.0,1,1,1,posición,posición,mt_vote_revoted_gte_langfilter,2026-03-09T10:18:05,0.932129442691803,0.932129442691803,0.932129442691803,nllb,gl,gl,gl,Posición
relation,gl,postalCode,postal Code,Código postal,Código postal,código postal,0.9,1.0,1.0,1.0,1,1,1,código postal,código postal,mt_vote_revoted_gte_langfilter,2026-03-09T10:18:05,0.93294358253479,0.93294358253479,0.9469212293624878,salamandra,gl,gl,gl,CódigoPostal
relation,gl,powerType,power Type,potencia Tipo,Tipo de enerxía,tipo de enerxía,0.9,0.2857,0.2857,1.0,0,0,1,Tipo de enerxía,Tipo de enerxía,mt_vote_revoted_gte_langfilter,2026-03-09T10:18:05,0.8986323475837708,0.8036249279975891,0.7808323502540588,madlad,es,gl,gl,TipoDeEnerxía
relation,gl,precededBy,preceded By,precedido por,precedido por,precedido por,0.9,1.0,1.0,1.0,1,1,1,precedido por,precedido por,mt_vote_revoted_gte_langfilter,2026-03-09T10:18:05,0.9317803382873536,0.9317803382873536,0.9317803382873536,nllb,pt,pt,pt,PrecedidoPor
relation,gl,predecessor,predecessor,predecesor,predecesor,predecesor,0.9,1.0,1.0,1.0,1,1,1,predecesor,predecesor,mt_vote_revoted_gte_langfilter,2026-03-09T10:18:05,0.9441961050033568,0.9441961050033568,0.9441961050033568,nllb,it,it,it,Predecesor
relation,gl,president,president,Presidente,presidente,presidente,0.9,0.0,0.0,0.0,0,0,0,Presidente,Presidente,mt_vote,2026-03-05T14:06:41,,,,,en,en,en,Presidente
relation,gl,producer,producer,produtor,produtor,produtor,0.9,1.0,1.0,1.0,1,1,1,produtor,produtor,mt_vote_revoted_gte_langfilter,2026-03-09T10:18:05,0.9231363534927368,0.9231363534927368,0.9231363534927368,nllb,es,es,es,Produtor
relation,gl,product,product,produto,produto,produto,0.9,0.0,0.0,0.0,0,0,0,produto,produto,mt_vote,2026-03-05T14:06:42,,,,,en,en,en,Produto
relation,gl,productionEndYear,production End Year,Producción Fin do ano,Fin do ano de produción,ano final de produción,0.9,0.4545,0.4186,0.7556,0,0,0,ano final de produción,ano final de produción,mt_vote_revoted_gte_langfilter,2026-03-09T10:18:05,0.8857461214065552,0.9004009366035461,0.9047251343727112,salamandra,gl,gl,es,AnoFinalDeProdución
relation,gl,productionStartYear,production Start Year,Producción Ano de inicio,Ano de inicio da produción,Ano de inicio da produción,0.9,0.52,0.52,1.0,0,0,1,Ano de inicio da produción,Ano de inicio da produción,mt_vote_revoted_gte_langfilter,2026-03-09T10:18:05,0.8683270812034607,0.8169525861740112,0.8169525861740112,madlad,es,gl,gl,AnoDeInicioDaProdución
relation,gl,profession,profession,profesión,profesión,profesión,0.9,1.0,1.0,1.0,1,1,1,profesión,profesión,mt_vote_revoted_gte_langfilter,2026-03-09T10:18:05,0.9034136533737184,0.9034136533737184,0.9034136533737184,nllb,gl,gl,gl,Profesión
relation,gl,professionalField,professional Field,Campo profesional,Campo profesional,Campo profesional,0.9,1.0,1.0,1.0,1,1,1,Campo profesional,Campo profesional,mt_vote_revoted_gte_langfilter,2026-03-09T10:18:05,0.911522090435028,0.911522090435028,0.911522090435028,nllb,it,it,it,CampoProfesional
relation,gl,protein,protein,Proteína,proteína,proteína,0.9,1.0,1.0,1.0,1,1,1,proteína,proteína,mt_vote_revoted_gte_langfilter,2026-03-09T10:18:05,0.8591400980949402,0.9178285002708436,0.9178285002708436,madlad,cs,cs,cs,Proteína
relation,gl,publisher,publisher,editora,editor,editor,0.9,0.0,0.0,0.0,0,0,0,editor,editor,mt_vote,2026-03-05T14:06:43,,,,,en,en,en,Editor
relation,gl,recordLabel,record Label,Registro da etiqueta,Etiqueta do disco,Etiqueta de gravación,0.9,0.4324,0.3902,0.6316,0,0,0,Etiqueta do disco,Etiqueta do disco,mt_vote_revoted_gte_langfilter,2026-03-09T10:18:05,0.7259929180145264,0.7507084012031555,0.7368987798690796,madlad,gl,gl,gl,EtiquetaDoDisco
relation,gl,recordedIn,recorded In,rexistrado en,gravado en,In rexistrado,0.9,0.6087,0.7692,0.3478,0,0,0,rexistrado en,rexistrado en,mt_vote_revoted_gte_langfilter,2026-03-09T10:18:05,0.7418603897094727,0.739162802696228,0.722763180732727,nllb,es,es,es,RexistradoEn
relation,gl,rector,rector,Rector,rector,reitor,0.9,0.0,0.0,0.0,0,0,0,reitor,reitor,mt_vote_revoted_gte_langfilter,2026-03-09T10:18:05,,,0.8247402906417847,salamandra,en,en,de,Reitor
relation,gl,region,region,Rexión,rexión,región,0.9,1.0,0.8333,0.8333,1,0,0,Rexión,Rexión,mt_vote_revoted_gte_langfilter,2026-03-09T10:18:05,0.6039648652076721,0.5977151393890381,0.8400182723999023,nllb,es,es,es,Rexión
relation,gl,regionServed,region Served,Rexión Servida,rexión servida,rexión servida,0.9,1.0,1.0,1.0,1,1,1,Rexión Servida,Rexión Servida,mt_vote_revoted_gte_langfilter,2026-03-09T10:18:05,0.6668729186058044,0.6437361240386963,0.6437361240386963,nllb,es,es,es,RexiónServida
relation,gl,related,related,relacionado,relacionado,relacionado,0.9,1.0,1.0,1.0,1,1,1,relacionado,relacionado,mt_vote_revoted_gte_langfilter,2026-03-09T10:18:05,0.8949052095413208,0.8949052095413208,0.8949052095413208,nllb,es,es,es,Relacionado
relation,gl,relatedMeanOfTransportation,related Mean Of Transportation,Medio de transporte relacionado,Medio de transporte relacionado,significado relacionado co transporte,0.9,1.0,0.4118,0.4118,1,0,0,Medio de transporte relacionado,Medio de transporte relacionado,mt_vote_revoted_gte_langfilter,2026-03-09T10:18:05,0.8126112818717957,0.8126112818717957,0.7893355488777161,nllb,es,es,es,MedioDeTransporteRelacionado
relation,gl,releaseDate,release Date,Data de publicación,Data de publicación,Data de lanzamento,0.9,1.0,0.5946,0.5946,1,0,0,Data de publicación,Data de publicación,mt_vote_revoted_gte_langfilter,2026-03-09T10:18:05,0.8532223105430603,0.8532223105430603,0.9031412601470948,nllb,gl,gl,es,DataDePublicación
relation,gl,religion,religion,Relixión,relixión,Relixión,0.9,1.0,1.0,1.0,1,1,1,relixión,relixión,mt_vote_revoted_gte_langfilter,2026-03-09T10:18:05,0.5540392994880676,0.6980174779891968,0.5540392994880676,madlad,es,es,es,Relixión
relation,gl,representative,representative,representante,representativo,representativo,0.9,0.8148,0.8148,1.0,0,0,1,representativo,representativo,mt_vote_revoted_gte_langfilter,2026-03-09T10:18:05,0.8220227956771851,0.8961504697799683,0.8961504697799683,madlad,es,es,es,Representativo
relation,gl,residence,residence,residencia,residencia,residencia,0.9,1.0,1.0,1.0,1,1,1,residencia,residencia,mt_vote_revoted_gte_langfilter,2026-03-09T10:18:05,0.915550410747528,0.915550410747528,0.915550410747528,nllb,es,es,es,Residencia
relation,gl,revenue,revenue,Ingresos,ingresos,receitas,0.9,0.0,0.0,0.0,0,0,0,receitas,receitas,mt_vote_revoted_gte_langfilter,2026-03-09T10:18:05,,,0.6128054857254028,salamandra,en,en,de,Receitas
relation,gl,ribbonAward,ribbon Award,Premio Ribbon,ribbon Award,Premio Ribbon,0.9,0.0,1.0,0.0,0,1,0,Premio Ribbon,Premio Ribbon,mt_vote_revoted_gte_langfilter,2026-03-09T10:18:05,0.9033008217811584,,0.9033008217811584,nllb,it,en,it,PremioRibbon
relation,gl,river,river,río,ríowaters_ world- class. kgm,río,0.9,0.1935,1.0,0.1935,0,1,0,río,río,mt_vote_revoted_gte_langfilter,2026-03-09T10:18:05,0.9418121576309204,0.718290388584137,0.9418121576309204,nllb,ga,ga,ga,Río
relation,gl,rocketStages,rocket Stages,Etapas de foguete,rocket Stages,Etapas do foguete,0.9,0.2667,0.9412,0.3333,0,1,0,Etapas de foguete,Etapas de foguete,mt_vote_revoted_gte_langfilter,2026-03-09T10:18:05,0.7492250204086304,1.0,0.729475736618042,nllb,fr,da,pt,EtapasDeFoguete
relation,gl,rotationPeriod,rotation Period,Período de rotación,Período de rotación,Período de rotación,0.9,1.0,1.0,1.0,1,1,1,Período de rotación,Período de rotación,mt_vote_revoted_gte_langfilter,2026-03-09T10:18:05,0.917378067970276,0.917378067970276,0.917378067970276,nllb,gl,gl,gl,PeríodoDeRotación
relation,gl,runtime,runtime,tempo de execución,tempo de execución,tempo de execución,0.9,1.0,1.0,1.0,1,1,1,tempo de execución,tempo de execución,mt_vote_revoted_gte_langfilter,2026-03-09T10:18:05,0.6528087258338928,0.6528087258338928,0.6528087258338928,nllb,gl,gl,gl,TempoDeExecución
relation,gl,runwayLength,runway Length,Duración da pista,lonxitude da pista,longo da pista,0.9,0.5714,0.6452,0.75,0,0,0,Duración da pista,Duración da pista,mt_vote_revoted_gte_langfilter,2026-03-09T10:18:05,0.6755386590957642,0.608772337436676,0.6714005470275879,nllb,gl,it,pt,DuraciónDaPista
relation,gl,runwayName,runway Name,Nome da pista,Nome da pista,pista Nome,0.9,1.0,0.0,0.0,1,0,0,Nome da pista,Nome da pista,mt_vote_revoted_gte_langfilter,2026-03-09T10:18:05,0.63481605052948,0.63481605052948,,nllb,pt,pt,en,NomeDaPista
relation,gl,runwaySurfaceType,runway Surface Type,Pista de aterrizaxe Tipo de superficie,Tipo de superficie da pista,Tipo de superficie da pista,0.9,0.5538,0.5538,1.0,0,0,1,Tipo de superficie da pista,Tipo de superficie da pista,mt_vote_revoted_gte_langfilter,2026-03-09T10:18:05,0.7575495839118958,0.7704348564147949,0.7704348564147949,madlad,es,gl,gl,TipoDeSuperficieDaPista
relation,gl,saint,saint,santo,saint,santo,0.9,0.0,0.0,0.0,0,0,0,santo,santo,mt_vote,2026-03-05T14:06:49,,,,,en,en,en,Santo
relation,gl,season,season,Temporada,tempada,tempada,0.9,0.0,0.0,0.0,0,0,0,Temporada,Temporada,mt_vote_revoted_gte_langfilter,2026-03-09T10:18:05,0.8012211918830872,,,nllb,es,en,en,Temporada
relation,gl,selectedByNasa,selected By Nasa,Seleccionado pola NASA,seleccionado pola NASA,seleccionado pola Nasa,0.9,1.0,1.0,1.0,1,1,1,seleccionado pola Nasa,seleccionado pola Nasa,mt_vote_revoted_gte_langfilter,2026-03-09T10:18:05,0.9036455750465392,0.8981741666793823,0.9472647309303284,salamandra,es,es,es,SeleccionadoPolaNasa
relation,gl,senators,senators,Senadores,senadoresamount in units (integer),senadores,0.9,0.4186,1.0,0.4186,0,1,0,senadores,senadores,mt_vote_revoted_gte_langfilter,2026-03-09T10:18:05,0.8917924165725708,0.7190632820129395,0.9409525394439696,salamandra,es,es,es,Senadores
relation,gl,series,series,serie,series,series,0.9,0.0,0.0,0.0,0,0,0,series,series,mt_vote,2026-03-05T14:06:50,,,,,en,en,en,Series
relation,gl,served,served,Servido,servido,servido,0.9,1.0,1.0,1.0,1,1,1,Servido,Servido,mt_vote_revoted_gte_langfilter,2026-03-09T10:18:05,0.8107123374938965,0.8010964393615723,0.8010964393615723,nllb,es,es,es,Servido
relation,gl,servedAsChiefOfTheAstronautOfficeIn,served As Chief Of The Astronaut Office In,serviu como Xefe da Oficina de Astronautas en,Serviu como xefe da Oficina de Astronautas en,serviu como xefe da oficina de astronautas en,0.9,1.0,1.0,1.0,1,1,1,serviu como Xefe da Oficina de Astronautas en,serviu como Xefe da Oficina de Astronautas en,mt_vote_revoted_gte_langfilter,2026-03-09T10:18:05,0.9037121534347534,0.9027756452560424,0.8838757872581482,nllb,pt,pt,pt,ServiuComoXefeDaOficinaDeAstronautasEn
relation,gl,service,service,Servizo,servizo,servizo,0.9,1.0,1.0,1.0,1,1,1,servizo,servizo,mt_vote_revoted_gte_langfilter,2026-03-09T10:18:05,0.7684410214424133,0.8851959109306335,0.8851959109306335,madlad,it,it,it,Servizo
relation,gl,serviceStartYear,service Start Year,Servizo Ano de inicio,service Start Year,servizo Ano de inicio,0.9,0.0,1.0,0.0,0,1,0,servizo Ano de inicio,servizo Ano de inicio,mt_vote_revoted_gte_langfilter,2026-03-09T10:18:05,0.8318183422088623,,0.8450933694839478,salamandra,eo,en,eo,ServizoAnoDeInicio
relation,gl,servingSize,serving Size,Tamaño da porción,Tamaño da porción,tamaño da porción,0.9,1.0,1.0,1.0,1,1,1,tamaño da porción,tamaño da porción,mt_vote_revoted_gte_langfilter,2026-03-09T10:18:05,0.8042003512382507,0.8042003512382507,0.8097307682037354,salamandra,gl,gl,gl,TamañoDaPorción
relation,gl,servingTemperature,serving Temperature,Temperatura de servizo,Temperatura de servizo,temperatura de servizo,0.9,1.0,1.0,1.0,1,1,1,Temperatura de servizo,Temperatura de servizo,mt_vote_revoted_gte_langfilter,2026-03-09T10:18:05,0.8183954954147339,0.8183954954147339,0.8036843538284302,nllb,ro,ro,ro,TemperaturaDeServizo
relation,gl,shipBeam,ship Beam,Barco Feixe,ship Beam,Beam ship,0.9,0.0,0.0,0.0,0,0,0,Barco Feixe,Barco Feixe,mt_vote_revoted_gte_langfilter,2026-03-09T10:18:05,0.6313728094100952,,,nllb,es,en,en,BarcoFeixe
relation,gl,shipClass,ship Class,Clase do buque,Clase do buque,Clase de barco,0.9,1.0,0.6429,0.6429,1,0,0,Clase do buque,Clase do buque,mt_vote_revoted_gte_langfilter,2026-03-09T10:18:05,0.886336088180542,0.886336088180542,0.8482838273048401,nllb,pt,pt,fr,ClaseDoBuque
relation,gl,shipDisplacement,ship Displacement,Barco Deslocamento,Desprazamento do barco,desprazamento do barco,0.9,0.45,0.45,1.0,0,0,1,Desprazamento do barco,Desprazamento do barco,mt_vote_revoted_gte_langfilter,2026-03-09T10:18:05,0.7932063341140747,0.8030365705490112,0.6366138458251953,madlad,it,gl,gl,DesprazamentoDoBarco
relation,gl,shipDraft,ship Draft,Proxecto de buque,Borrador do barco,proxecto de barco,0.9,0.2941,0.7647,0.5882,0,0,0,proxecto de barco,proxecto de barco,mt_vote_revoted_gte_langfilter,2026-03-09T10:18:05,0.7231633067131042,0.7009257078170776,0.7258081436157227,salamandra,es,gl,es,ProxectoDeBarco
relation,gl,shipInService,ship In Service,Navio en servizo,ship In Service,buque en servizo,0.9,0.0,0.6875,0.0,0,0,0,buque en servizo,buque en servizo,mt_vote_revoted_gte_langfilter,2026-03-09T10:18:05,0.8634494543075562,,0.8792027235031128,salamandra,eo,en,es,BuqueEnServizo
relation,gl,shipLaidDown,ship Laid Down,Nave desembarcada,ship Laid DownConstellation name (optional),O barco foi botado,0.9,0.1667,0.4,0.1639,0,0,0,ship Laid DownConstellation name (optional),ship Laid DownConstellation name (optional),mt_vote_revoted_gte_langfilter,2026-03-09T10:18:05,0.7108298540115356,0.8970464468002319,0.6869500875473022,madlad,es,nl,pt,ShipLaidDownConstellationName(optional)
relation,gl,shipLaunch,ship Launch,Lanzamento do navío,Lanzamento do barco,Lanzamento do barco,0.9,0.8421,0.8421,1.0,0,0,1,Lanzamento do barco,Lanzamento do barco,mt_vote_revoted_gte_langfilter,2026-03-09T10:18:05,0.8690475821495056,0.8678991198539734,0.8678991198539734,madlad,gl,gl,gl,LanzamentoDoBarco
relation,gl,shipOrdered,ship Ordered,Barco Ordenado,ship Ordered,pedido de barco,0.9,0.4615,0.3448,0.3704,0,0,0,ship Ordered,ship Ordered,mt_vote_revoted_gte_langfilter,2026-03-09T10:18:05,0.8110100030899048,1.0,0.797256350517273,madlad,es,de,pt,ShipOrdered
relation,gl,shipPower,ship Power,Potencia do buque,Potencia do barco,potencia da embarcación,0.9,0.7647,0.6,0.75,0,0,0,Potencia do buque,Potencia do buque,mt_vote_revoted_gte_langfilter,2026-03-09T10:18:05,0.8456549644470215,0.8235591650009155,0.820387601852417,nllb,pt,pt,gl,PotenciaDoBuque
relation,gl,significantBuilding,significant Building,Edificio significativo,Edificio significativo,edificio significativo,0.9,1.0,1.0,1.0,1,1,1,edificio significativo,edificio significativo,mt_vote_revoted_gte_langfilter,2026-03-09T10:18:05,0.9206507205963136,0.9206507205963136,0.9522756338119508,salamandra,es,es,es,EdificioSignificativo
relation,gl,significantProject,significant Project,Proxecto significativo,Proxecto significativo,proxecto significativo,0.9,1.0,1.0,1.0,1,1,1,Proxecto significativo,Proxecto significativo,mt_vote_revoted_gte_langfilter,2026-03-09T10:18:05,0.945502758026123,0.945502758026123,0.9453846216201782,nllb,es,es,es,ProxectoSignificativo
relation,gl,similarDish,similar Dish,similar prato,similar Dish,prato similar,0.9,0.0,0.0,0.0,0,0,0,prato similar,prato similar,mt_vote_revoted_gte_langfilter,2026-03-09T10:18:05,,,0.8181166648864746,salamandra,en,en,it,PratoSimilar
relation,gl,sisterStation,sister Station,Estación irmá,estación irmá,estación irmá,0.9,1.0,1.0,1.0,1,1,1,estación irmá,estación irmá,mt_vote_revoted_gte_langfilter,2026-03-09T10:18:05,0.6612828969955444,0.6800140142440796,0.6800140142440796,madlad,gl,gl,gl,EstaciónIrmá
relation,gl,site,site,Sitio,sitio,site,0.9,0.0,0.0,0.0,0,0,0,Sitio,Sitio,mt_vote,2026-03-05T14:06:57,,,,,en,en,en,Sitio
relation,gl,spokenIn,spoken In,falado en,falado en,falado In,0.9,1.0,0.8889,0.8889,1,0,0,falado en,falado en,mt_vote_revoted_gte_langfilter,2026-03-09T10:18:05,0.8174912929534912,0.8174912929534912,0.8088699579238892,nllb,es,es,es,FaladoEn
relation,gl,sportGoverningBody,sport Governing Body,Deporte Consello de Administración,Corpo Reitor do deporte,Organismo reitor do deporte,0.9,0.2456,0.2295,0.84,0,0,0,Organismo reitor do deporte,Organismo reitor do deporte,mt_vote_revoted_gte_langfilter,2026-03-09T10:18:05,0.814667820930481,0.7778752446174622,0.8183027505874634,salamandra,gl,pt,pt,OrganismoReitorDoDeporte
relation,gl,sportsOffered,sports Offered,Deportes Ofrecidos,deportes ofrecidos,Oferta deportiva,0.9,1.0,0.4118,0.4118,1,0,0,deportes ofrecidos,deportes ofrecidos,mt_vote_revoted_gte_langfilter,2026-03-09T10:18:05,0.9189952611923218,0.93024343252182,0.91284841299057,madlad,es,es,es,DeportesOfrecidos
relation,gl,spouse,spouse,cónyuge,cónxuxe,cónxuxe,0.9,0.7143,0.7143,1.0,0,0,1,cónxuxe,cónxuxe,mt_vote_revoted_gte_langfilter,2026-03-09T10:18:05,0.7678079605102539,0.5534898042678833,0.5534898042678833,madlad,es,es,es,Cónxuxe
relation,gl,stadium,stadium,estadio,estadio,estádio,0.9,1.0,0.8571,0.8571,1,0,0,estadio,estadio,mt_vote_revoted_gte_langfilter,2026-03-09T10:18:05,0.931327760219574,0.931327760219574,0.940913200378418,nllb,es,es,cs,Estadio
relation,gl,staff,staff,persoal,staff,persoal,0.9,0.0,0.0,0.0,0,0,0,persoal,persoal,mt_vote,2026-03-05T14:06:59,,,,,en,en,en,Persoal
relation,gl,starring,starring,Estrelando,estrelado,protagonista,0.9,0.9474,0.0,0.0,1,0,0,estrelado,estrelado,mt_vote_revoted_gte_langfilter,2026-03-09T10:18:05,0.6961023807525635,0.7622472643852234,,madlad,es,es,en,Estrelado
relation,gl,state,state,estado,estado,estado,0.9,1.0,1.0,1.0,1,1,1,estado,estado,mt_vote_revoted_gte_langfilter,2026-03-09T10:18:05,0.9527281522750854,0.9527281522750854,0.9527281522750854,nllb,es,es,es,Estado
relation,gl,stateOfOrigin,state Of Origin,Estado de orixe,estado de orixe,estado de orixe,0.9,1.0,1.0,1.0,1,1,1,Estado de orixe,Estado de orixe,mt_vote_revoted_gte_langfilter,2026-03-09T10:18:05,0.7172228097915649,0.7048534750938416,0.7048534750938416,nllb,pt,pt,pt,EstadoDeOrixe
relation,gl,status,status,Estatuto,estado,status,0.9,0.7143,0.0,0.0,0,0,0,estado,estado,mt_vote_revoted_gte_langfilter,2026-03-09T10:18:05,0.6437407732009888,0.8150609135627747,,madlad,es,es,en,Estado
relation,gl,stylisticOrigin,stylistic Origin,Estilo Orixe,Orixe estilística,orixe estilística,0.9,0.4138,0.4138,1.0,0,0,1,orixe estilística,orixe estilística,mt_vote_revoted_gte_langfilter,2026-03-09T10:18:05,0.5954649448394775,0.6602160930633545,0.8305134177207947,salamandra,es,es,es,OrixeEstilística
relation,gl,subsidiary,subsidiary,subsidiaria,subsidiaria,subsidiaria,0.9,1.0,1.0,1.0,1,1,1,subsidiaria,subsidiaria,mt_vote_revoted_gte_langfilter,2026-03-09T10:18:05,0.9323025345802308,0.9323025345802308,0.9323025345802308,nllb,es,es,es,Subsidiaria
relation,gl,successor,successor,sucesor,sucesor,sucesor,0.9,0.0,0.0,0.0,0,0,0,sucesor,sucesor,mt_vote,2026-03-05T14:07:00,,,,,en,en,en,Sucesor
relation,gl,surfaceArea,surface Area,Superficie,Área da superficie,superficie,0.9,0.7143,1.0,0.7143,0,1,0,superficie,superficie,mt_vote_revoted_gte_langfilter,2026-03-09T10:18:05,0.75376296043396,0.8749511241912842,0.8582468032836914,salamandra,es,pt,es,Superficie
relation,gl,temperature,temperature,temperatura,temperatura,temperatura,0.9,0.0,0.0,0.0,0,0,0,temperatura,temperatura,mt_vote,2026-03-05T14:07:01,,,,,en,en,en,Temperatura
relation,gl,tenant,tenant,arrendatario,inquilino,inquilino,0.9,0.0,0.0,0.0,0,0,0,arrendatario,arrendatario,mt_vote_revoted_gte_langfilter,2026-03-09T10:18:05,0.8096015453338623,,,nllb,es,en,en,Arrendatario
relation,gl,timeInSpace,time In Space,tempo no espazo,tempo no espazo,tempo no espazo,0.9,1.0,1.0,1.0,1,1,1,tempo no espazo,tempo no espazo,mt_vote_revoted_gte_langfilter,2026-03-09T10:18:05,0.8283548355102539,0.8283548355102539,0.8283548355102539,nllb,gl,gl,gl,TempoNoEspazo
relation,gl,timeZone,time Zone,Zona horaria,Fuso horario,zona horaria,0.9,0.6667,1.0,0.6667,0,1,0,zona horaria,zona horaria,mt_vote_revoted_gte_langfilter,2026-03-09T10:18:05,0.8251008987426758,0.7372788190841675,0.8255645036697388,salamandra,es,es,es,ZonaHoraria
relation,gl,timeshiftChannel,timeshift Channel,Canle de desvío de tempo,Canle de desprazamento temporal,Canal de cambio de hora,0.9,0.6909,0.5957,0.5185,0,0,0,Canal de cambio de hora,Canal de cambio de hora,mt_vote_revoted_gte_langfilter,2026-03-09T10:18:05,0.7410643100738525,0.6885976791381836,0.7782312631607056,salamandra,gl,gl,es,CanalDeCambioDeHora
relation,gl,title,title,Título,título,title,0.9,1.0,0.0,0.0,1,0,0,título,título,mt_vote_revoted_gte_langfilter,2026-03-09T10:18:05,0.8012348413467407,0.895287275314331,,madlad,hu,cs,en,Título
relation,gl,topSpeed,top Speed,Velocidade máxima,Velocidade máxima,Velocidade máxima,0.9,1.0,1.0,1.0,1,1,1,Velocidade máxima,Velocidade máxima,mt_vote_revoted_gte_langfilter,2026-03-09T10:18:05,0.8219687342643738,0.8219687342643738,0.8219687342643738,nllb,es,es,es,VelocidadeMáxima
relation,gl,totalLaunches,total Launches,total Lanzamentos,Lanzamentos totais,lances totais,0.9,0.6286,0.0,0.0,0,0,0,total Lanzamentos,total Lanzamentos,mt_vote_revoted_gte_langfilter,2026-03-09T10:18:05,0.9036062955856324,0.8568669557571411,,nllb,es,es,en,TotalLanzamentos
relation,gl,totalProduction,total Production,Producción total,Produción total,Produción total,0.9,0.9677,0.9677,1.0,1,1,1,Producción total,Producción total,mt_vote_revoted_gte_langfilter,2026-03-09T10:18:05,0.9185466170310974,0.9020018577575684,0.9020018577575684,nllb,gl,es,es,ProducciónTotal
relation,gl,trainerAircraft,trainer Aircraft,Avións de adestramento,Avión de adestramento,avión de adestramento,0.9,0.9767,0.9767,1.0,1,1,1,Avión de adestramento,Avión de adestramento,mt_vote_revoted_gte_langfilter,2026-03-09T10:18:05,0.8465737104415894,0.853809654712677,0.8469489216804504,madlad,gl,es,es,AviónDeAdestramento
relation,gl,training,training,Formación,adestramento,formación,0.9,0.0952,1.0,0.1905,0,1,0,formación,formación,mt_vote_revoted_gte_langfilter,2026-03-09T10:18:05,0.7986836433410645,0.7623701095581055,0.8666247725486755,salamandra,gl,es,gl,Formación
relation,gl,transmission,transmission,transmisión,transmisión,transmisión,0.9,1.0,1.0,1.0,1,1,1,transmisión,transmisión,mt_vote_revoted_gte_langfilter,2026-03-09T10:18:05,0.9350840449333192,0.9350840449333192,0.9350840449333192,nllb,gl,gl,gl,Transmisión
relation,gl,transportAircraft,transport Aircraft,transporte Avións,Avión de transporte,Transporte de avións,0.9,0.5556,0.9189,0.5128,0,1,0,transporte Avións,transporte Avións,mt_vote_revoted_gte_langfilter,2026-03-09T10:18:05,0.9028234481811525,0.8490886688232422,0.878888726234436,nllb,es,es,es,TransporteAvións
relation,gl,type,type,Tipo,tipo,tipo,0.9,0.0,0.0,0.0,0,0,0,Tipo,Tipo,mt_vote,2026-03-05T14:07:05,,,,,en,en,en,Tipo
relation,gl,unit,unit,Unidade,% 1 quilómetros cadradosamount in units (integer),unidade,0.9,0.1429,1.0,0.1429,0,1,0,unidade,unidade,mt_vote_revoted_gte_langfilter,2026-03-09T10:18:05,0.871258020401001,0.6433558464050293,0.8931620121002197,salamandra,pt,es,pt,Unidade
relation,gl,universityTeam,university Team,Equipo universitario,Equipo da universidade,equipo universitario,0.9,0.7619,1.0,0.7619,0,1,0,equipo universitario,equipo universitario,mt_vote_revoted_gte_langfilter,2026-03-09T10:18:05,0.9051916599273682,0.8992680907249451,0.9168539047241212,salamandra,es,pt,es,EquipoUniversitario
relation,gl,utcOffset,utc Offset,utc Offset,Desprazamento utc,UTC desprazamento,0.9,0.0,0.0,0.7647,0,0,0,UTC desprazamento,UTC desprazamento,mt_vote_revoted_gte_langfilter,2026-03-09T10:18:05,,0.6758149862289429,0.8040734529495239,salamandra,en,gl,gl,UTCDesprazamento
relation,gl,viceChancellor,vice Chancellor,Vicecanciller,Vicerreitor,vicecanciller,0.9,0.0,0.0,0.0,0,0,0,Vicerreitor,Vicerreitor,mt_vote_revoted_gte_langfilter,2026-03-09T10:18:05,,0.8018628358840942,,madlad,en,de,en,Vicerreitor
relation,gl,voice,voice,voz,voz,voz,0.9,1.0,1.0,1.0,1,1,1,voz,voz,mt_vote_revoted_gte_langfilter,2026-03-09T10:18:05,0.8985685110092163,0.8985685110092163,0.8985685110092163,nllb,pl,pl,pl,Voz
relation,gl,wasGivenTheTechnicalCampusStatusBy,was Given The Technical Campus Status By,Foi dado o status de Campus Técnico por,Recibiu o status de Campus Técnico por,recibiu o status de campus técnico por,0.9,0.8312,0.8312,1.0,0,0,1,recibiu o status de campus técnico por,recibiu o status de campus técnico por,mt_vote_revoted_gte_langfilter,2026-03-09T10:18:05,0.9256309270858764,0.9109342098236084,0.9168294668197632,salamandra,pt,pt,pt,RecibiuOStatusDeCampusTécnicoPor
relation,gl,website,website,sitio web,sitio web,website,0.9,1.0,0.0,0.0,1,0,0,sitio web,sitio web,mt_vote_revoted_gte_langfilter,2026-03-09T10:18:05,0.9243351817131042,0.9243351817131042,,nllb,es,es,en,SitioWeb
relation,gl,weight,weight,peso,peso,peso,0.9,0.0,0.0,0.0,0,0,0,peso,peso,mt_vote,2026-03-05T14:07:08,,,,,en,en,en,Peso
relation,gl,wheelbase,wheelbase,distancia entre eixos,distancia entre eixos,distancia entre eixos,0.9,1.0,1.0,1.0,1,1,1,distancia entre eixos,distancia entre eixos,mt_vote_revoted_gte_langfilter,2026-03-09T10:18:05,0.5037830471992493,0.5037830471992493,0.5037830471992493,nllb,ca,ca,ca,DistanciaEntreEixos
relation,gl,width,width,ancho,ancho,width,0.9,0.0,0.0,0.0,0,0,0,ancho,ancho,mt_vote,2026-03-05T14:07:08,,,,,en,en,en,Ancho
relation,gl,writer,writer,escritor,escritor,Escritora,0.9,0.0,0.0,0.0,0,0,0,Escritora,Escritora,mt_vote_revoted_gte_langfilter,2026-03-09T10:18:05,,,0.6809704303741455,salamandra,en,en,es,Escritora
relation,gl,year,year,ano,ano,ano,0.9,0.0,0.0,0.0,0,0,0,ano,ano,mt_vote,2026-03-05T14:07:09,,,,,en,en,en,Ano
relation,gl,yearOfConstruction,year Of Construction,ano de construción,Ano de construción,Ano de construción,0.9,1.0,1.0,1.0,1,1,1,ano de construción,ano de construción,mt_vote_revoted_gte_langfilter,2026-03-09T10:18:05,0.8869085311889648,0.8719382286071777,0.8719382286071777,nllb,es,es,es,AnoDeConstrución
relation,gl,youthclub,youthclub,Club de mocidade,club de mocidade,club xuvenil,0.9,1.0,0.5,0.5,1,0,0,club de mocidade,club de mocidade,mt_vote_revoted_gte_langfilter,2026-03-09T10:18:05,0.8435566425323486,0.8524246215820312,0.778719961643219,madlad,es,es,fr,ClubDeMocidade
