kind,lang,source_token,source_query_text,mt_nllb,mt_madlad,mt_salamandra,vote_threshold,sim_nllb_madlad,sim_nllb_salamandra,sim_madlad_salamandra,agree_nllb_madlad,agree_nllb_salamandra,agree_madlad_salamandra,mt_voted,final_text,final_source,processed_at,cos_en_nllb,cos_en_madlad,cos_en_salamandra,gte_winner,lang_nllb,lang_madlad,lang_salamandra,output_token
relation,eu,1stRunwayLengthFeet,1st Runway Length Feet,"Lehen pistaren luzera, oinetan.",1. pistaren luzera oinak,1. Pistaren luzera (oinetan),0.9,0.7636,0.8136,0.8846,0,0,0,1. pistaren luzera oinak,1. pistaren luzera oinak,mt_vote_revoted_gte_langfilter,2026-03-09T10:19:32,0.5968753695487976,0.6850294470787048,0.6037032604217529,madlad,eu,eu,eu,1.PistarenLuzeraOinak
relation,eu,1stRunwayLengthMetre,1st Runway Length Metre,Lehen pistaren luzera metroan.,1. pistaren luzera metroa,1. Pistaren luzera (metrotan),0.9,0.8364,0.8136,0.9259,0,0,1,1. pistaren luzera metroa,1. pistaren luzera metroa,mt_vote_revoted_gte_langfilter,2026-03-09T10:19:32,0.7114502191543579,0.7721000909805298,0.7136572599411011,madlad,eu,eu,eu,1.PistarenLuzeraMetroa
relation,eu,1stRunwayNumber,1st Runway Number,Lehen pistaren zenbakia.,1. pista zenbakia,1. Pista-zenbakia,0.9,0.7317,0.6829,0.9412,0,0,1,1. pista zenbakia,1. pista zenbakia,mt_vote_revoted_gte_langfilter,2026-03-09T10:19:32,0.6567797660827637,0.6404725909233093,0.613461971282959,madlad,eu,eu,eu,1.PistaZenbakia
relation,eu,1stRunwaySurfaceType,1st Runway Surface Type,1. pistako gainazalaren mota,1. pistaren gainazal mota,1. Pistako gainazalaren mota,0.9,0.8302,1.0,0.8302,0,1,0,1. pistako gainazalaren mota,1. pistako gainazalaren mota,mt_vote_revoted_gte_langfilter,2026-03-09T10:19:32,0.6113440990447998,0.6026198863983154,0.6075979471206665,nllb,eu,eu,eu,1.PistakoGainazalarenMota
relation,eu,2ndRunwaySurfaceType,2nd Runway Surface Type,2. pistako gainazalaren mota,2. pistaren gainazal mota,2. Pistako gainazalaren mota,0.9,0.8302,1.0,0.8302,0,1,0,2. pistako gainazalaren mota,2. pistako gainazalaren mota,mt_vote_revoted_gte_langfilter,2026-03-09T10:19:32,0.6760278940200806,0.6721235513687134,0.6658084392547607,nllb,eu,eu,eu,2.PistakoGainazalarenMota
relation,eu,3rdRunwayLengthFeet,3rd Runway Length Feet,"3. pistako luzera, oinetan.",3. pistaren luzera oinak,3. Pista Luzera Oinak,0.9,0.7843,0.8333,0.9333,0,0,1,3. pistaren luzera oinak,3. pistaren luzera oinak,mt_vote_revoted_gte_langfilter,2026-03-09T10:19:32,0.662563681602478,0.7119332551956177,0.5943477153778076,madlad,eu,eu,eu,3.PistarenLuzeraOinak
relation,eu,3rdRunwaySurfaceType,3rd Runway Surface Type,3. pistako gainazalaren mota,3. pistaren gainazal mota,3. Pistako gainazalaren mota,0.9,0.8302,1.0,0.8302,0,1,0,3. pistako gainazalaren mota,3. pistako gainazalaren mota,mt_vote_revoted_gte_langfilter,2026-03-09T10:19:32,0.66490638256073,0.6609847545623779,0.6605023145675659,nllb,eu,eu,eu,3.PistakoGainazalarenMota
relation,eu,4thRunwayLengthFeet,4th Runway Length Feet,"Laugarren pistaren luzera, oinetan.",4. pistaren luzera oinak,4. Pista Luzera Oinak,0.9,0.7119,0.6429,0.9333,0,0,1,4. pistaren luzera oinak,4. pistaren luzera oinak,mt_vote_revoted_gte_langfilter,2026-03-09T10:19:32,0.6147680282592773,0.7226436138153076,0.5947343111038208,madlad,eu,eu,eu,4.PistarenLuzeraOinak
relation,eu,4thRunwaySurfaceType,4th Runway Surface Type,4. pistako gainazalaren mota,4. pistaren gainazal mota,4. pistako gainazalaren mota,0.9,0.8302,1.0,0.8302,0,1,0,4. pistako gainazalaren mota,4. pistako gainazalaren mota,mt_vote_revoted_gte_langfilter,2026-03-09T10:19:32,0.682045578956604,0.6818897128105164,0.682045578956604,nllb,eu,eu,eu,4.PistakoGainazalarenMota
relation,eu,5thRunwayNumber,5th Runway Number,5. pistako zenbakia.,5. pista zenbakia,5. pista-zenbakia,0.9,0.9189,0.8649,0.9412,1,0,1,5. pista-zenbakia,5. pista-zenbakia,mt_vote_revoted_gte_langfilter,2026-03-09T10:19:32,0.7061537504196167,0.700359582901001,0.7328084707260132,salamandra,eu,eu,eu,5.Pista-zenbakia
relation,eu,5thRunwaySurfaceType,5th Runway Surface Type,5. pistako gainazalaren mota,5. pistaren gainazal mota,5. Pistako gainazalaren mota,0.9,0.8302,1.0,0.8302,0,1,0,5. pistako gainazalaren mota,5. pistako gainazalaren mota,mt_vote_revoted_gte_langfilter,2026-03-09T10:19:32,0.6921950578689575,0.6865202188491821,0.6790249347686768,nllb,eu,eu,eu,5.PistakoGainazalarenMota
relation,eu,LCCN_number,LCCN number,LCCN zenbakia,LCCN zenbakia,LCCN zenbakia,0.9,1.0,1.0,1.0,1,1,1,LCCN zenbakia,LCCN zenbakia,mt_vote_revoted_gte_langfilter,2026-03-09T10:19:32,0.7936411499977112,0.7936411499977112,0.7936411499977112,nllb,eu,eu,eu,LCCNZenbakia
relation,eu,NationalRegisterOfHistoricPlacesReferenceNumber,National Register Of Historic Places Reference Number,Leku Historikoen Erregistro Nazionalaren erreferentzia zenbakia,(Ingelesez) Leku historikoen erregistro nazionala,Leku Historikoen Erregistro Nazionaleko Erreferentzia Zenbakia,0.9,0.6607,0.96,0.6667,0,1,0,Leku Historikoen Erregistro Nazionaleko Erreferentzia Zenbakia,Leku Historikoen Erregistro Nazionaleko Erreferentzia Zenbakia,mt_vote_revoted_gte_langfilter,2026-03-09T10:19:32,0.7033831477165222,0.6983505487442017,0.7274389266967773,salamandra,eu,eu,eu,LekuHistorikoenErregistroNazionalekoErreferentziaZenbakia
relation,eu,abbreviation,abbreviation,laburdura,abbreviation,laburdura,0.9,0.0,1.0,0.0,0,1,0,laburdura,laburdura,mt_vote_revoted_gte_langfilter,2026-03-09T10:19:32,0.5575289726257324,,0.5575289726257324,nllb,fr,en,fr,Laburdura
relation,eu,absoluteMagnitude,absolute Magnitude,Tamaina erabatekoa.,Magnitude absolutua,magnitude absolutua,0.9,0.0,0.3684,0.0,0,0,0,magnitude absolutua,magnitude absolutua,mt_vote_revoted_gte_langfilter,2026-03-09T10:19:32,0.6119415760040283,,0.8624372482299805,salamandra,eu,en,et,MagnitudeAbsolutua
relation,eu,academicDiscipline,academic Discipline,Diziplina akademikoa,Diziplina akademikoa,Diziplina akademikoa,0.9,1.0,1.0,1.0,1,1,1,Diziplina akademikoa,Diziplina akademikoa,mt_vote_revoted_gte_langfilter,2026-03-09T10:19:32,0.8473589420318604,0.8473589420318604,0.8473589420318604,nllb,lt,lt,lt,DiziplinaAkademikoa
relation,eu,academicStaffSize,academic Staff Size,akademikoa Langile kopurua,Pertsonal akademikoaren tamaina,Langile akademikoen kopurua,0.9,0.4912,0.6792,0.5172,0,0,0,akademikoa Langile kopurua,akademikoa Langile kopurua,mt_vote_revoted_gte_langfilter,2026-03-09T10:19:32,0.838900089263916,0.7237824201583862,0.8364641070365906,nllb,rw,eu,eu,AkademikoaLangileKopurua
relation,eu,activeYearsEndDate,active Years End Date,Urte aktiboak Amaiera,active Years End Date,Urte aktiboen amaiera data,0.9,0.0,0.8085,0.0,0,0,0,Urte aktiboen amaiera data,Urte aktiboen amaiera data,mt_vote_revoted_gte_langfilter,2026-03-09T10:19:32,0.7007170915603638,,0.7886916995048523,salamandra,fr,en,eu,UrteAktiboenAmaieraData
relation,eu,activeYearsEndYear,active Years End Year,Urte aktiboak Urte bukaera,active Years End Year,Urte aktiboaren amaiera urtea,0.9,0.0,0.6545,0.0,0,0,0,Urte aktiboak Urte bukaera,Urte aktiboak Urte bukaera,mt_vote_revoted_gte_langfilter,2026-03-09T10:19:32,0.8069450855255127,,0.8000662922859192,nllb,nn,en,eu,UrteAktiboakUrteBukaera
relation,eu,activeYearsStartDate,active Years Start Date,Urte aktiboak Hasierako data,active Years Start Date,Urte aktiboak Hasiera Data,0.9,0.0,0.963,0.0,0,1,0,Urte aktiboak Hasierako data,Urte aktiboak Hasierako data,mt_vote_revoted_gte_langfilter,2026-03-09T10:19:32,0.7619163990020752,,0.755266010761261,nllb,eo,en,eu,UrteAktiboakHasierakoData
relation,eu,activeYearsStartYear,active Years Start Year,Urte aktiboak Hasiera urtea,active Years Hasierako urtea,Urte aktiboak Hasiera Urtea,0.9,0.6545,1.0,0.6545,0,1,0,Urte aktiboak Hasiera Urtea,Urte aktiboak Hasiera Urtea,mt_vote_revoted_gte_langfilter,2026-03-09T10:19:32,0.7350966334342957,0.9168073534965516,0.745067834854126,salamandra,eu,de,eu,UrteAktiboakHasieraUrtea
relation,eu,addedToTheNationalRegisterOfHistoricPlaces,added To The National Register Of Historic Places,Leku historikoen erregistro nazionalera gehitu da.,The National Register of Historic Places webgunean,toki historikoen erregistro nazionalera gehitu zen,0.9,0.0,0.88,0.0,0,0,0,toki historikoen erregistro nazionalera gehitu zen,toki historikoen erregistro nazionalera gehitu zen,mt_vote_revoted_gte_langfilter,2026-03-09T10:19:32,0.6295324563980103,,0.6715148091316223,salamandra,eu,en,eu,TokiHistorikoenErregistroNazionaleraGehituZen
relation,eu,address,address,helbidea,helbide elektronikoa,helbidea,0.9,0.0,0.0,0.0,0,0,0,helbide elektronikoa,helbide elektronikoa,mt_vote_revoted_gte_langfilter,2026-03-09T10:19:32,,0.5282044410705566,,madlad,en,es,en,HelbideElektronikoa
relation,eu,administrativeArrondissement,administrative Arrondissement,administratiboa Arrondissement,Arrondissement administratiboa,Arrondissement administratiboa,0.9,0.5,0.5,1.0,0,0,1,Arrondissement administratiboa,Arrondissement administratiboa,mt_vote_revoted_gte_langfilter,2026-03-09T10:19:32,0.9631006717681884,0.9513118267059326,0.9513118267059326,madlad,eu,fr,fr,ArrondissementAdministratiboa
relation,eu,affiliation,affiliation,atxikimendua,afiliazioa,afiliazioa,0.9,0.3636,0.3636,1.0,0,0,1,afiliazioa,afiliazioa,mt_vote_revoted_gte_langfilter,2026-03-09T10:19:32,0.6763994693756104,0.8419957756996155,0.8419957756996155,madlad,et,it,it,Afiliazioa
relation,eu,aircraftFighter,aircraft Fighter,Hegazkinak.,hegazkin borrokalaria,Fighter hegazkinak,0.9,0.0,0.0,0.4615,0,0,0,Fighter hegazkinak,Fighter hegazkinak,mt_vote_revoted_gte_langfilter,2026-03-09T10:19:32,,0.713447630405426,0.8247857689857483,salamandra,en,ht,nl,FighterHegazkinak
relation,eu,aircraftHelicopter,aircraft Helicopter,Helikoptero bat.,Hegazkina Helikopteroa,Helikoptero hegazkin,0.9,0.0,0.7222,0.0,0,0,0,Helikoptero hegazkin,Helikoptero hegazkin,mt_vote_revoted_gte_langfilter,2026-03-09T10:19:32,0.7941756248474121,,0.8415197134017944,salamandra,eu,en,es,HelikopteroHegazkin
relation,eu,album,album,diskoa.,albuma,album,0.9,0.0,0.0,0.0,0,0,0,albuma,albuma,mt_vote,2026-03-05T14:09:08,,,,,en,en,en,Albuma
relation,eu,almaMater,alma Mater,Ikastetxea.,Alma Mater,alma Mater,0.9,0.0,0.0,0.0,0,0,0,alma Mater,alma Mater,mt_vote_revoted_gte_langfilter,2026-03-09T10:19:32,,,1.0,salamandra,en,en,hu,AlmaMater
relation,eu,alternativeName,alternative Name,Alternatiboa Izena,Izen alternatiboa,alternative Name,0.9,0.6857,0.0,0.0,0,0,0,Alternatiboa Izena,Alternatiboa Izena,mt_vote_revoted_gte_langfilter,2026-03-09T10:19:32,0.8667953014373779,0.8258088231086731,,nllb,eu,eu,en,AlternatiboaIzena
relation,eu,anthem,anthem,abesti bat.,ereserkia,anthem,0.9,0.4,0.0,0.0,0,0,0,abesti bat.,abesti bat.,mt_vote_revoted_gte_langfilter,2026-03-09T10:19:32,0.5722692608833313,0.4933574795722961,,nllb,eu,lt,en,AbestiBat.
relation,eu,apoapsis,apoapsis,Apopsia bat da.,apoapsis,apoapsis,0.9,0.0,0.0,0.0,0,0,0,Apopsia bat da.,Apopsia bat da.,mt_vote_revoted_gte_langfilter,2026-03-09T10:19:32,0.748173177242279,,,nllb,id,en,en,ApopsiaBatDa.
relation,eu,architect,architect,Arkitektoa,arkitektoa,arkitektoa,0.9,1.0,1.0,1.0,1,1,1,Arkitektoa,Arkitektoa,mt_vote_revoted_gte_langfilter,2026-03-09T10:19:32,0.7423863410949707,0.7211496829986572,0.7211496829986572,nllb,ro,ro,ro,Arkitektoa
relation,eu,architecturalStyle,architectural Style,Arkitektura estiloa,Estilo arkitektonikoa,estilo arkitektonikoa,0.9,0.55,0.55,1.0,0,0,1,estilo arkitektonikoa,estilo arkitektonikoa,mt_vote_revoted_gte_langfilter,2026-03-09T10:19:32,0.8898345232009888,0.8883442282676697,0.9087059497833252,salamandra,es,eo,sl,EstiloArkitektonikoa
relation,eu,architecture,architecture,Arkitektura,arkitektura,arkitektura,0.9,0.0,0.0,0.0,0,0,0,Arkitektura,Arkitektura,mt_vote,2026-03-05T14:09:10,,,,,en,en,en,Arkitektura
relation,eu,areaCode,area Code,Eremuaren kodea,area kodea,Area Kodea,0.9,0.0,0.0,0.0,0,0,0,Eremuaren kodea,Eremuaren kodea,mt_vote_revoted_gte_langfilter,2026-03-09T10:19:32,0.6818380355834961,,,nllb,eu,en,en,EremuarenKodea
relation,eu,areaMetro,area Metro,Eremu metropolitanoa,Metroaren eremua,area Metro,0.9,0.0,0.0,0.0,0,0,0,Metroaren eremua,Metroaren eremua,mt_vote_revoted_gte_langfilter,2026-03-09T10:19:32,,0.8373445868492126,,madlad,en,eu,en,MetroarenEremua
relation,eu,areaOfLand,area Of Land,Lurraldearen azalera,area Of Land,Lur-eremua,0.9,0.0,0.4667,0.0,0,0,0,Lurraldearen azalera,Lurraldearen azalera,mt_vote_revoted_gte_langfilter,2026-03-09T10:19:32,0.6109841465950012,,0.5941060781478882,nllb,eu,en,pt,LurraldearenAzalera
relation,eu,areaOfWater,area Of Water,Uraren eremua,Uraren area,Uraren eremua,0.9,0.8333,1.0,0.8333,0,1,0,Uraren eremua,Uraren eremua,mt_vote_revoted_gte_langfilter,2026-03-09T10:19:32,0.7293949127197266,0.6037073135375977,0.7293949127197266,nllb,eu,eu,eu,UrarenEremua
relation,eu,areaTotal,area Total,Lurralde osoa,area guztira,area Guztira,0.9,0.24,0.24,1.0,0,0,1,area Guztira,area Guztira,mt_vote_revoted_gte_langfilter,2026-03-09T10:19:32,0.6197930574417114,0.7103601098060608,0.759789228439331,salamandra,eu,de,de,AreaGuztira
relation,eu,areaUrban,area Urban,Hiri eremua,Hiri-eremua,area Urban,0.9,0.9091,0.0,0.0,1,0,0,Hiri eremua,Hiri eremua,mt_vote_revoted_gte_langfilter,2026-03-09T10:19:32,0.7606080174446106,0.5604901313781738,,nllb,eu,pt,en,HiriEremua
relation,eu,artist,artist,artistak,artista,artista,0.9,0.0,0.0,0.0,0,0,0,artista,artista,mt_vote,2026-03-05T14:09:12,,,,,en,en,en,Artista
relation,eu,assembly,assembly,biltzarra,muntaia,assemblage,0.9,0.0,0.3158,0.0,0,0,0,assemblage,assemblage,mt_vote_revoted_gte_langfilter,2026-03-09T10:19:32,0.5360084772109985,,0.8375130295753479,salamandra,eu,en,fr,Assemblage
relation,eu,associatedBand/associatedMusicalArtist,associated Band/associated Musical Artist,Talde-taldea/artista musikaria,associated Band/associated Musical Artist,Band elkartua/Musika-artista elkartua,0.9,0.0,0.0,0.0,0,0,0,Talde-taldea/artista musikaria,Talde-taldea/artista musikaria,mt_vote_revoted_gte_langfilter,2026-03-09T10:19:32,0.6222946643829346,,,nllb,eu,en,en,Talde-taldea/artistaMusikaria
relation,eu,associatedRocket,associated Rocket,lotutako Rocket,erlazionatutako Rocket,asoziatutako Rocket,0.9,0.0,0.0,0.8293,0,0,0,asoziatutako Rocket,asoziatutako Rocket,mt_vote_revoted_gte_langfilter,2026-03-09T10:19:32,,0.84027099609375,0.8506386280059814,salamandra,en,it,pl,AsoziatutakoRocket
relation,eu,attackAircraft,attack Aircraft,Eraso hegazkinak,Eraso hegazkinak,eraso hegazkinak,0.9,0.0,0.0,0.0,0,0,0,eraso hegazkinak,eraso hegazkinak,mt_vote_revoted_gte_langfilter,2026-03-09T10:19:32,,,0.730665922164917,salamandra,en,en,es,ErasoHegazkinak
relation,eu,author,author,egileak,egilea,Egilea,0.9,0.0,0.0,0.0,0,0,0,egilea,egilea,mt_vote,2026-03-05T14:09:14,,,,,en,en,en,Egilea
relation,eu,averageSpeed,average Speed,Batezbesteko abiadura,batez besteko abiadura,Batez besteko abiadura,0.9,0.9767,0.9767,1.0,1,1,1,batez besteko abiadura,batez besteko abiadura,mt_vote_revoted_gte_langfilter,2026-03-09T10:19:32,0.4457587003707886,0.4826782941818237,0.4404418170452118,madlad,eu,eu,eu,BatezBestekoAbiadura
relation,eu,award,award,saria,saria,saria,0.9,0.0,0.0,0.0,0,0,0,saria,saria,mt_vote,2026-03-05T14:09:14,,,,,en,en,en,Saria
relation,eu,awards,awards,sariak,sariak,sariak,0.9,0.0,0.0,0.0,0,0,0,sariak,sariak,mt_vote,2026-03-05T14:09:14,,,,,en,en,en,Sariak
relation,eu,background,background,Oinarrizko informazioa,atzeko planoa,background,0.9,0.4571,0.0,0.0,0,0,0,Oinarrizko informazioa,Oinarrizko informazioa,mt_vote_revoted_gte_langfilter,2026-03-09T10:19:32,0.5678279399871826,0.5290006995201111,,nllb,it,eu,en,OinarrizkoInformazioa
relation,eu,backupPilot,backup Pilot,Laguntza pilotuak.,Pilot-en babeskopia,backup Pilot,0.9,0.3784,0.5333,0.3226,0,0,0,backup Pilot,backup Pilot,mt_vote_revoted_gte_langfilter,2026-03-09T10:19:32,0.7607473731040955,0.8068984746932983,1.0000001192092896,salamandra,eu,eu,ro,BackupPilot
relation,eu,bandMember,band Member,taldeko kidea,bandako kidea,band Member,0.9,0.7692,0.0,0.0,0,0,0,bandako kidea,bandako kidea,mt_vote_revoted_gte_langfilter,2026-03-09T10:19:32,0.7755361199378967,0.7860602140426636,,madlad,eu,et,en,BandakoKidea
relation,eu,battle,battle,borroka,gudua,bataila,0.9,0.0,0.0,0.0,0,0,0,borroka,borroka,mt_vote,2026-03-05T14:09:16,,,,,en,en,en,Borroka
relation,eu,bedCount,bed Count,Ohearen zenbakia.,ohe-kopurua,ohe kopurua,0.9,0.2857,0.0,0.0,0,0,0,ohe-kopurua,ohe-kopurua,mt_vote_revoted_gte_langfilter,2026-03-09T10:19:32,0.4927863478660583,0.5704553723335266,,madlad,eu,rw,en,Ohe-kopurua
relation,eu,bird,bird,txoria,txoria,bird,0.9,0.0,0.0,0.0,0,0,0,txoria,txoria,mt_vote,2026-03-05T14:09:16,,,,,en,en,en,Txoria
relation,eu,birthDate,birth Date,Jaiotze eguna,jaiotze-data,jaiotze data,0.9,0.64,0.72,0.9167,0,0,1,jaiotze data,jaiotze data,mt_vote_revoted_gte_langfilter,2026-03-09T10:19:32,0.6062133312225342,0.5658939480781555,0.5777704119682312,salamandra,eu,eu,eu,JaiotzeData
relation,eu,birthName,birth Name,Jaiotze-izena,jaiotza-izena,jaiotza-izena,0.9,0.9231,0.9231,1.0,1,1,1,jaiotza-izena,jaiotza-izena,mt_vote_revoted_gte_langfilter,2026-03-09T10:19:32,0.4636630713939667,0.5222146511077881,0.5222146511077881,madlad,eu,eu,eu,Jaiotza-izena
relation,eu,birthPlace,birth Place,Jaiotze-lekua,jaiotze lekua,jaiotza Lekua,0.9,0.9231,0.8462,0.9231,1,0,1,jaiotze lekua,jaiotze lekua,mt_vote_revoted_gte_langfilter,2026-03-09T10:19:32,0.6391975283622742,0.663468599319458,0.5210437774658203,madlad,eu,eu,eu,JaiotzeLekua
relation,eu,birthYear,birth Year,Jaiotza urtea,jaiotze-urtea,jaiotza-urtea,0.9,0.8462,0.9231,0.9231,0,1,1,Jaiotza urtea,Jaiotza urtea,mt_vote_revoted_gte_langfilter,2026-03-09T10:19:32,0.7355381846427917,0.4510380625724792,0.4996515214443207,nllb,eu,eu,eu,JaiotzaUrtea
relation,eu,bodyStyle,body Style,Gorputzaren estiloa,gorputz-estiloa,body Style,0.9,0.8235,0.0,0.0,0,0,0,Gorputzaren estiloa,Gorputzaren estiloa,mt_vote_revoted_gte_langfilter,2026-03-09T10:19:32,0.8156223297119141,0.6675252914428711,,nllb,eu,eu,en,GorputzarenEstiloa
relation,eu,broadcastedBy,broadcasted By,Eusko Jaurlaritzaren laguntzarekin egindako azpitituluak,igorri duena,Broadcasted By,0.9,0.2059,0.0,0.0,0,0,0,Eusko Jaurlaritzaren laguntzarekin egindako azpitituluak,Eusko Jaurlaritzaren laguntzarekin egindako azpitituluak,mt_vote_revoted_gte_langfilter,2026-03-09T10:19:32,0.5333929061889648,0.5116768479347229,,nllb,eu,it,en,EuskoJaurlaritzarenLaguntzarekinEgindakoAzpitituluak
relation,eu,budget,budget,Aurrekontua,aurrekontua,aurrekontu,0.9,0.0,0.0,0.0,0,0,0,Aurrekontua,Aurrekontua,mt_vote,2026-03-05T14:09:19,,,,,en,en,en,Aurrekontua
relation,eu,buildDate,build Date,Eraikitzeko data.,eraikitze-data,build Date,0.9,0.8387,0.0,0.0,0,0,0,eraikitze-data,eraikitze-data,mt_vote_revoted_gte_langfilter,2026-03-09T10:19:32,0.5984115600585938,0.6269817352294922,,madlad,eu,eu,en,Eraikitze-data
relation,eu,builder,builder,eraikitzailea.,eraikitzailea,eraikitzailea,0.9,0.963,0.963,1.0,1,1,1,eraikitzailea.,eraikitzailea.,mt_vote_revoted_gte_langfilter,2026-03-09T10:19:32,0.7273582220077515,0.6971107125282288,0.6971107125282288,nllb,eu,eu,eu,Eraikitzailea.
relation,eu,buildingStartDate,building Start Date,Eraikinaren hasiera data,eraikuntzaren hasierako data,Eraikuntzaren hasiera-data,0.9,0.8846,0.88,0.9259,0,0,1,eraikuntzaren hasierako data,eraikuntzaren hasierako data,mt_vote_revoted_gte_langfilter,2026-03-09T10:19:32,0.781309187412262,0.7307687997817993,0.6831844449043274,madlad,eu,eu,eu,EraikuntzarenHasierakoData
relation,eu,buildingType,building Type,Eraikin mota,eraikin mota,eraikin mota,0.9,1.0,1.0,1.0,1,1,1,eraikin mota,eraikin mota,mt_vote_revoted_gte_langfilter,2026-03-09T10:19:32,0.4946654438972473,0.6723160147666931,0.6723160147666931,madlad,fi,fi,fi,EraikinMota
relation,eu,campus,campus,Unibertsitatean.,campusa,campus,0.9,0.0,0.0,0.0,0,0,0,Unibertsitatean.,Unibertsitatean.,mt_vote_revoted_gte_langfilter,2026-03-09T10:19:32,0.7391245365142822,,,nllb,et,en,en,Unibertsitatean.
relation,eu,capital,capital,Kapitala,hiriburua,kapitala,0.9,0.0,0.0,0.0,0,0,0,Kapitala,Kapitala,mt_vote,2026-03-05T14:09:21,,,,,en,en,en,Kapitala
relation,eu,carbohydrate,carbohydrate,Karbohidratoak,karbohidratoa,karbohidrato,0.9,0.963,0.9231,0.96,1,1,1,Karbohidratoak,Karbohidratoak,mt_vote_revoted_gte_langfilter,2026-03-09T10:19:32,0.8632885217666626,0.7880719304084778,0.821569561958313,nllb,ro,ro,lt,Karbohidratoak
relation,eu,category,category,kategoria,kategoria,kategoria,0.9,0.0,0.0,0.0,0,0,0,kategoria,kategoria,mt_vote,2026-03-05T14:09:21,,,,,en,en,en,Kategoria
relation,eu,ceremonialCounty,ceremonial County,Eskualde zeremoniala,Konderria,zeremonia-konderria,0.9,0.4138,0.5128,0.6429,0,0,0,Eskualde zeremoniala,Eskualde zeremoniala,mt_vote_revoted_gte_langfilter,2026-03-09T10:19:32,0.6041766405105591,0.5086105465888977,0.4967589378356933,nllb,eu,nl,eu,EskualdeZeremoniala
relation,eu,certification,certification,ziurtagiria,ziurtagiria,ziurtagiria,0.9,0.0,0.0,0.0,0,0,0,ziurtagiria,ziurtagiria,mt_vote,2026-03-05T14:09:22,,,,,en,en,en,Ziurtagiria
relation,eu,chairman,chairman,lehendakaria,presidentea,chairman,0.9,0.0,0.2,0.0,0,0,0,chairman,chairman,mt_vote_revoted_gte_langfilter,2026-03-09T10:19:32,0.5889445543289185,,1.0,salamandra,eu,en,fr,Chairman
relation,eu,chairmanTitle,chairman Title,Lehendakaria Titulua,Izenburua,chairman Title,0.9,0.3448,0.4118,0.1739,0,0,0,chairman Title,chairman Title,mt_vote_revoted_gte_langfilter,2026-03-09T10:19:32,0.6983400583267212,0.6297845840454102,1.0,salamandra,eu,eu,fr,ChairmanTitle
relation,eu,chairperson,chairperson,lehendakaria,lehendakaria,chairperson,0.9,1.0,0.1739,0.1739,1,0,0,lehendakaria,lehendakaria,mt_vote_revoted_gte_langfilter,2026-03-09T10:19:32,0.6087244749069214,0.6087244749069214,1.0,nllb,eu,eu,fr,Lehendakaria
relation,eu,champions,champions,Txapeldunak.,txapeldunak,txapeldunak,0.9,0.9565,0.9565,1.0,1,1,1,txapeldunak,txapeldunak,mt_vote_revoted_gte_langfilter,2026-03-09T10:19:32,0.5857117176055908,0.7644474506378174,0.7644474506378174,madlad,eu,eu,eu,Txapeldunak
relation,eu,chancellor,chancellor,Kantzilerra.,kantzilerra,kantzilerra,0.9,0.9565,0.9565,1.0,1,1,1,Kantzilerra.,Kantzilerra.,mt_vote_revoted_gte_langfilter,2026-03-09T10:19:32,0.70909583568573,0.6863821744918823,0.6863821744918823,nllb,de,de,de,Kantzilerra.
relation,eu,chief,chief,Nagusia.,buruzagia,buruzagia,0.9,0.0,0.0,0.0,0,0,0,buruzagia,buruzagia,mt_vote,2026-03-05T14:09:23,,,,,en,en,en,Buruzagia
relation,eu,child,child,haurra,umea,haurra,0.9,0.0,1.0,0.0,0,1,0,haurra,haurra,mt_vote_revoted_gte_langfilter,2026-03-09T10:19:32,0.6592432260513306,,0.6592432260513306,nllb,de,en,de,Haurra
relation,eu,christeningDate,christening Date,bataiatzeko data,baptising Date,kristautzearen data,0.9,0.0,0.5714,0.0,0,0,0,kristautzearen data,kristautzearen data,mt_vote_revoted_gte_langfilter,2026-03-09T10:19:32,0.5591787099838257,,0.7288661599159241,salamandra,eu,en,eu,KristautzearenData
relation,eu,cinematography,cinematography,zinematografia,zinematografia,zinematografia,0.9,0.0,0.0,0.0,0,0,0,zinematografia,zinematografia,mt_vote,2026-03-05T14:09:24,,,,,en,en,en,Zinematografia
relation,eu,citizenship,citizenship,Herritartasuna,herritartasuna,herritartasuna,0.9,1.0,1.0,1.0,1,1,1,Herritartasuna,Herritartasuna,mt_vote_revoted_gte_langfilter,2026-03-09T10:19:32,0.8023796081542969,0.6731399297714233,0.6731399297714233,nllb,eu,eu,eu,Herritartasuna
relation,eu,city,city,hiria,hiria,Hiri,0.9,0.0,0.0,0.0,0,0,0,hiria,hiria,mt_vote,2026-03-05T14:09:25,,,,,en,en,en,Hiria
relation,eu,cityServed,city Served,Hiria zerbitzatua,Zerbitzatu den hiria,Zerbitzatutako hiria,0.9,0.5946,0.5946,0.8,0,0,0,Zerbitzatutako hiria,Zerbitzatutako hiria,mt_vote_revoted_gte_langfilter,2026-03-09T10:19:32,0.5293598175048828,0.6134223937988281,0.7289962768554688,salamandra,eu,eu,eu,ZerbitzatutakoHiria
relation,eu,class,class,Klasea,klasea,class,0.9,0.0,0.0,0.0,0,0,0,Klasea,Klasea,mt_vote_revoted_gte_langfilter,2026-03-09T10:19:32,0.8157249093055725,,,nllb,de,en,en,Klasea
relation,eu,club,club,Klub bat da.,hirusta,klub,0.9,0.0,0.5,0.0,0,0,0,klub,klub,mt_vote_revoted_gte_langfilter,2026-03-09T10:19:32,0.7412981986999512,,0.9510274529457092,salamandra,id,en,de,Klub
relation,eu,coach,coach,entrenatzailea.,entrenatzailea,coach,0.9,0.9655,0.0,0.0,1,0,0,entrenatzailea.,entrenatzailea.,mt_vote_revoted_gte_langfilter,2026-03-09T10:19:32,0.7647793292999268,0.7326766848564148,,nllb,eu,eu,en,Entrenatzailea.
relation,eu,codenCode,coden Code,Kodea,Kodea,coden Code,0.9,0.0,0.0,0.0,0,0,0,coden Code,coden Code,mt_vote_revoted_gte_langfilter,2026-03-09T10:19:32,,,1.0,salamandra,en,en,de,CodenCode
relation,eu,college,college,Unibertsitatea.,unibertsitatea,unibertsitatea,0.9,0.9655,0.9655,1.0,1,1,1,Unibertsitatea.,Unibertsitatea.,mt_vote_revoted_gte_langfilter,2026-03-09T10:19:32,0.748326301574707,0.7466309070587158,0.7466309070587158,nllb,et,et,et,Unibertsitatea.
relation,eu,colour,colour,kolorea,kolorea,kolorea,0.9,0.0,0.0,0.0,0,0,0,kolorea,kolorea,mt_vote,2026-03-05T14:09:27,,,,,en,en,en,Kolorea
relation,eu,commander,commander,Komandantea.,komandoa,komandantea,0.9,0.0,0.9565,0.0,0,1,0,Komandantea.,Komandantea.,mt_vote_revoted_gte_langfilter,2026-03-09T10:19:32,0.7340088486671448,,0.7138451337814331,nllb,fr,en,fr,Komandantea.
relation,eu,comparable,comparable,konparagarria,konparagarria,konparagarria,0.9,0.0,0.0,0.0,0,0,0,konparagarria,konparagarria,mt_vote,2026-03-05T14:09:27,,,,,en,en,en,Konparagarria
relation,eu,competeIn,compete In,lehiatu,lehiatu hemen,Lehiatu In,0.9,0.7,0.8235,0.7826,0,0,0,Lehiatu In,Lehiatu In,mt_vote_revoted_gte_langfilter,2026-03-09T10:19:32,0.4885948300361633,0.4941997528076172,0.6386377811431885,salamandra,eu,eu,it,LehiatuIn
relation,eu,completionDate,completion Date,Amaitu zen eguna,amaiera-data,Amaierako data,0.9,0.4286,0.4,0.8462,0,0,0,amaiera-data,amaiera-data,mt_vote_revoted_gte_langfilter,2026-03-09T10:19:32,0.6417626142501831,0.7336839437484741,0.6328970193862915,madlad,eu,fr,eu,Amaiera-data
relation,eu,cosparId,cospar Id,Cospar ID,cospar Id,cospar Id,0.9,1.0,1.0,1.0,1,1,1,cospar Id,cospar Id,mt_vote_revoted_gte_langfilter,2026-03-09T10:19:32,0.9557368755340576,0.9999998807907104,0.9999998807907104,madlad,fr,fr,fr,CosparId
relation,eu,cost,cost,kostua,kostua,kostua,0.9,0.0,0.0,0.0,0,0,0,kostua,kostua,mt_vote,2026-03-05T14:09:28,,,,,en,en,en,Kostua
relation,eu,country,country,herrialdea,herrialdea,Herrialdea,0.9,1.0,1.0,1.0,1,1,1,herrialdea,herrialdea,mt_vote_revoted_gte_langfilter,2026-03-09T10:19:32,0.7454203367233276,0.7454203367233276,0.6117328405380249,nllb,eu,eu,eu,Herrialdea
relation,eu,countryOrigin,country Origin,jatorrizko herrialdea,Jatorrizko herrialdea,Herrialdearen jatorria,0.9,1.0,0.4651,0.4651,1,0,0,jatorrizko herrialdea,jatorrizko herrialdea,mt_vote_revoted_gte_langfilter,2026-03-09T10:19:32,0.7321175932884216,0.6670385003089905,0.7635053396224976,nllb,eu,eu,eu,JatorrizkoHerrialdea
relation,eu,countySeat,county Seat,Eskualdea,County Seat,konderriko hiriburua,0.9,0.0,0.0,0.0,0,0,0,Eskualdea,Eskualdea,mt_vote_revoted_gte_langfilter,2026-03-09T10:19:32,0.5103552937507629,,,nllb,eu,en,en,Eskualdea
relation,eu,course,course,Norabidea.,txartela,course,0.9,0.2222,0.0,0.0,0,0,0,Norabidea.,Norabidea.,mt_vote_revoted_gte_langfilter,2026-03-09T10:19:32,0.5790950059890747,0.5469104051589966,,nllb,eu,de,en,Norabidea.
relation,eu,creator,creator,Sortzailea.,sortzailea,sortzailea,0.9,0.9524,0.9524,1.0,1,1,1,sortzailea,sortzailea,mt_vote_revoted_gte_langfilter,2026-03-09T10:19:32,0.5609591007232666,0.7080175876617432,0.7080175876617432,madlad,de,de,de,Sortzailea
relation,eu,creatorOfDish,creator Of Dish,Dish-en sortzailea.,Dish- en sortzailea,Dish-aren sortzailea,0.9,0.9474,0.9231,0.9231,1,1,1,Dish-aren sortzailea,Dish-aren sortzailea,mt_vote_revoted_gte_langfilter,2026-03-09T10:19:32,0.7496427297592163,0.8149913549423218,0.9240210056304932,salamandra,de,nl,eu,Dish-arenSortzailea
relation,eu,crewMembers,crew Members,Eskifaiako kideak,Tripulazioko kideak,Tripulazioko kideak,0.9,0.6667,0.6667,1.0,0,0,1,Tripulazioko kideak,Tripulazioko kideak,mt_vote_revoted_gte_langfilter,2026-03-09T10:19:32,0.6231223940849304,0.7765610218048096,0.7765610218048096,madlad,et,eu,eu,TripulaziokoKideak
relation,eu,currency,currency,Dirua,dibisa,moneta,0.9,0.0,0.0,0.0,0,0,0,dibisa,dibisa,mt_vote_revoted_gte_langfilter,2026-03-09T10:19:32,,0.5194761753082275,,madlad,en,id,en,Dibisa
relation,eu,currentTenants,current Tenants,Gaur egungo maizterrak,uneko maizterrak,uneko maizterrak,0.9,0.7368,0.7368,1.0,0,0,1,uneko maizterrak,uneko maizterrak,mt_vote_revoted_gte_langfilter,2026-03-09T10:19:32,0.5771323442459106,0.4968885779380798,0.4968885779380798,madlad,eu,eu,eu,UnekoMaizterrak
relation,eu,currentclub,currentclub,Gaur egungo kluba.,currentclub,currentclub,0.9,0.0,0.0,0.0,0,0,0,Gaur egungo kluba.,Gaur egungo kluba.,mt_vote_revoted_gte_langfilter,2026-03-09T10:19:32,0.8260520696640015,,,nllb,eu,en,en,GaurEgungoKluba.
relation,eu,currentteam,currentteam,Oraingo taldea.,uneko taldea,currentteam,0.9,0.6667,0.0,0.0,0,0,0,Oraingo taldea.,Oraingo taldea.,mt_vote_revoted_gte_langfilter,2026-03-09T10:19:32,0.7382034063339233,0.608914315700531,,nllb,eu,eu,en,OraingoTaldea.
relation,eu,cylinderCount,cylinder Count,Zilindro kopurua,zilindro kopurua,zilindro-kopurua,0.9,0.0,0.9375,0.0,0,1,0,Zilindro kopurua,Zilindro kopurua,mt_vote_revoted_gte_langfilter,2026-03-09T10:19:32,0.7924297451972961,,0.6728948354721069,nllb,eu,en,eu,ZilindroKopurua
relation,eu,dateOfRetirement,date Of Retirement,Erretiroa hartzeko eguna.,Erretiro-data,erretiroaren data,0.9,0.5263,0.619,0.8,0,0,0,erretiroaren data,erretiroaren data,mt_vote_revoted_gte_langfilter,2026-03-09T10:19:32,0.6111522912979126,0.6307772397994995,0.7326194047927856,salamandra,eu,pt,eu,ErretiroarenData
relation,eu,dean,dean,Dekanoa.,dean,dean,0.9,0.0,0.0,0.0,0,0,0,dean,dean,mt_vote,2026-03-05T14:09:33,,,,,en,en,en,Dean
relation,eu,deathCause,death Cause,Heriotzaren arrazoia,heriotzaren kausa,heriotzaren arrazoia,0.9,0.7568,1.0,0.7568,0,1,0,heriotzaren arrazoia,heriotzaren arrazoia,mt_vote_revoted_gte_langfilter,2026-03-09T10:19:32,0.7573577165603638,0.7343766093254089,0.8660292625427246,salamandra,eu,eu,eu,HeriotzarenArrazoia
relation,eu,deathDate,death Date,Heriotza data,heriotza-data,heriotza Data,0.9,0.9231,1.0,0.9231,1,1,1,heriotza Data,heriotza Data,mt_vote_revoted_gte_langfilter,2026-03-09T10:19:32,0.84786057472229,0.8014795780181885,0.8697564601898193,salamandra,eu,de,de,HeriotzaData
relation,eu,deathPlace,death Place,Heriotzaren lekua,heriotzaren lekua,heriotza Lekua,0.9,1.0,0.9032,0.9032,1,1,1,heriotzaren lekua,heriotzaren lekua,mt_vote_revoted_gte_langfilter,2026-03-09T10:19:32,0.8202636241912842,0.9305682182312012,0.6869734525680542,madlad,eu,eu,de,HeriotzarenLekua
relation,eu,deathYear,death Year,Heriotza Urtea,heriotza-urtea,heriotza Urtea,0.9,0.9286,1.0,0.9286,1,1,1,heriotza Urtea,heriotza Urtea,mt_vote_revoted_gte_langfilter,2026-03-09T10:19:32,0.7197860479354858,0.6690255403518677,0.8079315423965454,salamandra,de,de,de,HeriotzaUrtea
relation,eu,debutTeam,debut Team,Debut taldea.,debut Taldea,debut Team,0.9,0.96,0.0,0.0,1,0,0,debut Taldea,debut Taldea,mt_vote_revoted_gte_langfilter,2026-03-09T10:19:32,0.8098317980766296,0.8567994832992554,,madlad,eu,eu,en,DebutTaldea
relation,eu,dedicatedTo,dedicated To,eskainitako,Horretarako dedikatua,dedicated To,0.9,0.3125,0.0,0.0,0,0,0,eskainitako,eskainitako,mt_vote_revoted_gte_langfilter,2026-03-09T10:19:32,0.6702699661254883,0.6509485244750977,,nllb,lt,es,en,Eskainitako
relation,eu,demonym,demonym,Deabruaren izena.,daemon,demonim,0.9,0.0,0.0,0.0,0,0,0,Deabruaren izena.,Deabruaren izena.,mt_vote_revoted_gte_langfilter,2026-03-09T10:19:32,0.6353886723518372,,,nllb,eu,en,en,DeabruarenIzena.
relation,eu,density,density,Dentsitatea,dentsitatea,dentsitatea,0.9,1.0,1.0,1.0,1,1,1,dentsitatea,dentsitatea,mt_vote_revoted_gte_langfilter,2026-03-09T10:19:32,0.6728291511535645,0.7284983396530151,0.7284983396530151,madlad,eu,et,et,Dentsitatea
relation,eu,derivative,derivative,deribatua,deribatua,deribatua,0.9,0.0,0.0,0.0,0,0,0,deribatua,deribatua,mt_vote,2026-03-05T14:09:36,,,,,en,en,en,Deribatua
relation,eu,designCompany,design Company,Enpresaren diseinua,diseinua Enpresa,diseinu-enpresa,0.9,0.4571,0.4118,0.9032,0,0,1,diseinu-enpresa,diseinu-enpresa,mt_vote_revoted_gte_langfilter,2026-03-09T10:19:32,0.7218523025512695,0.7241373062133789,0.7821462154388428,salamandra,eu,eu,de,Diseinu-enpresa
relation,eu,designer,designer,diseinatzailea,diseinatzailea,diseinatzailea,0.9,1.0,1.0,1.0,1,1,1,diseinatzailea,diseinatzailea,mt_vote_revoted_gte_langfilter,2026-03-09T10:19:32,0.8344718217849731,0.8344718217849731,0.8344718217849731,nllb,de,de,de,Diseinatzailea
relation,eu,developer,developer,Garatzailea.,garatzailea,garatzailea,0.9,0.9565,0.9565,1.0,1,1,1,Garatzailea.,Garatzailea.,mt_vote_revoted_gte_langfilter,2026-03-09T10:19:32,0.665683925151825,0.6318845748901367,0.6318845748901367,nllb,eu,eu,eu,Garatzailea.
relation,eu,diameter,diameter,Diametroa,diametroa,diametroa,0.9,0.0,0.0,0.0,0,0,0,Diametroa,Diametroa,mt_vote,2026-03-05T14:09:37,,,,,en,en,en,Diametroa
relation,eu,director,director,Zuzendaria.,zuzendaria,zuzendaria,0.9,0.9524,0.9524,1.0,1,1,1,zuzendaria,zuzendaria,mt_vote_revoted_gte_langfilter,2026-03-09T10:19:32,0.8114316463470459,0.8438326716423035,0.8438326716423035,madlad,eu,eu,eu,Zuzendaria
relation,eu,discovered,discovered,Aurkitu dute.,aurkitua,aurkitu,0.9,0.0,0.0,0.0,0,0,0,Aurkitu dute.,Aurkitu dute.,mt_vote_revoted_gte_langfilter,2026-03-09T10:19:32,0.6062551736831665,,,nllb,fr,en,en,AurkituDute.
relation,eu,discoverer,discoverer,Aurkitzailea.,aurkitzailea,aurkitzailea,0.9,0.96,0.96,1.0,1,1,1,aurkitzailea,aurkitzailea,mt_vote_revoted_gte_langfilter,2026-03-09T10:19:32,0.6184431314468384,0.7866174578666687,0.7866174578666687,madlad,eu,eu,eu,Aurkitzailea
relation,eu,dishVariation,dish Variation,Plater bat Aldaketa,dish Aldaera,plateraren aldaera,0.9,0.4516,0.7568,0.5333,0,0,0,dish Aldaera,dish Aldaera,mt_vote_revoted_gte_langfilter,2026-03-09T10:19:32,0.5963788628578186,0.601936399936676,0.5431122779846191,madlad,eu,et,eu,DishAldaera
relation,eu,dissolutionYear,dissolution Year,desegiteko urtea,desegite-urtea,disoluzioaren urtea,0.9,0.8667,0.4571,0.4242,0,0,0,disoluzioaren urtea,disoluzioaren urtea,mt_vote_revoted_gte_langfilter,2026-03-09T10:19:32,0.8098788261413574,0.5768184661865234,0.9066643714904784,salamandra,pt,pt,eu,DisoluzioarenUrtea
relation,eu,distributingCompany,distributing Company,banaketa enpresa,Distributing Company,enpresa banatzailea,0.9,0.0,0.4,0.0,0,0,0,banaketa enpresa,banaketa enpresa,mt_vote_revoted_gte_langfilter,2026-03-09T10:19:32,0.880095362663269,,0.7591408491134644,nllb,es,en,eu,BanaketaEnpresa
relation,eu,distributingLabel,distributing Label,banatzea Etiketa,etiketa banatzen,etiketa banatzea,0.9,0.4375,0.5,0.9375,0,0,1,etiketa banatzea,etiketa banatzea,mt_vote_revoted_gte_langfilter,2026-03-09T10:19:32,0.7672930359840393,0.768904447555542,0.7707875967025757,salamandra,eu,eu,eu,EtiketaBanatzea
relation,eu,distributor,distributor,banatzailea,banatzailea,banatzailea,0.9,1.0,1.0,1.0,1,1,1,banatzailea,banatzailea,mt_vote_revoted_gte_langfilter,2026-03-09T10:19:32,0.6623512506484985,0.6623512506484985,0.6623512506484985,nllb,eu,eu,eu,Banatzailea
relation,eu,district,district,Barrutia,barrutia,barrutia,0.9,0.0,0.0,0.0,0,0,0,Barrutia,Barrutia,mt_vote,2026-03-05T14:09:40,,,,,en,en,en,Barrutia
relation,eu,division,division,banaketa,zatiketa,zatiketa,0.9,0.0,0.0,0.0,0,0,0,zatiketa,zatiketa,mt_vote,2026-03-05T14:09:40,,,,,en,en,en,Zatiketa
relation,eu,doctoralAdvisor,doctoral Advisor,Doktorearen aholkularia.,aholkulari doktorea,doktore-aholkulari,0.9,0.5116,0.0,0.0,0,0,0,Doktorearen aholkularia.,Doktorearen aholkularia.,mt_vote_revoted_gte_langfilter,2026-03-09T10:19:32,0.8001018166542053,0.710750937461853,,nllb,eu,it,en,DoktorearenAholkularia.
relation,eu,doctoralStudent,doctoral Student,Doktoretza ikaslea.,doktoretza Ikaslea,doktoratu-ikaslea,0.9,0.973,0.7778,0.8,1,0,0,doktoretza Ikaslea,doktoretza Ikaslea,mt_vote_revoted_gte_langfilter,2026-03-09T10:19:32,0.7430550456047058,0.8756775856018066,0.8018906116485596,madlad,eu,eu,sl,DoktoretzaIkaslea
relation,eu,draftPick,draft Pick,Aukeratu zirriborroa.,Hautatu zirriborroa,draft Pick,0.9,0.85,0.0,0.0,0,0,0,Aukeratu zirriborroa.,Aukeratu zirriborroa.,mt_vote_revoted_gte_langfilter,2026-03-09T10:19:32,0.4624050557613373,0.4367198348045349,,nllb,eu,eu,en,AukeratuZirriborroa.
relation,eu,draftRound,draft Round,Proiektuaren zirriborroa,Zirriborroa Round,Erronda zirriborroa,0.9,0.5366,0.6977,0.6111,0,0,0,Zirriborroa Round,Zirriborroa Round,mt_vote_revoted_gte_langfilter,2026-03-09T10:19:32,0.5529849529266357,0.637939453125,0.4967885017395019,madlad,eu,eu,eu,ZirriborroaRound
relation,eu,draftTeam,draft Team,Taldearen zirriborroa.,Taldearen zirriborroa,draft Team,0.9,0.9767,0.0,0.0,1,0,0,Taldearen zirriborroa,Taldearen zirriborroa,mt_vote_revoted_gte_langfilter,2026-03-09T10:19:32,0.6392316818237305,0.6698391437530518,,madlad,eu,eu,en,TaldearenZirriborroa
relation,eu,draftYear,draft Year,Proiektua Urtea,Zirriborroa Urtea,Year draft,0.9,0.5625,0.16,0.1481,0,0,0,Year draft,Year draft,mt_vote_revoted_gte_langfilter,2026-03-09T10:19:32,0.6438481211662292,0.4909228682518005,0.9614697098731996,salamandra,eu,eu,de,YearDraft
relation,eu,editing,editing,Edizioa,editorea,edizioa,0.9,0.0,1.0,0.0,0,1,0,Edizioa,Edizioa,mt_vote_revoted_gte_langfilter,2026-03-09T10:19:32,0.6970698237419128,,0.6293298602104187,nllb,it,en,it,Edizioa
relation,eu,editor,editor,editorea,editorea,editor,0.9,0.0,0.0,0.0,0,0,0,editorea,editorea,mt_vote,2026-03-05T14:09:43,,,,,en,en,en,Editorea
relation,eu,eissnNumber,eissn Number,Eusko Jaurlaritzaren laguntzarekin egindako azpitituluak,Eissn zenbakia,Eissn zenbakia,0.9,0.2857,0.2857,1.0,0,0,1,Eissn zenbakia,Eissn zenbakia,mt_vote_revoted_gte_langfilter,2026-03-09T10:19:32,0.467644453048706,0.6166489720344543,0.6166489720344543,madlad,eu,eu,eu,EissnZenbakia
relation,eu,elevationAboveTheSeaLevel,elevation Above The Sea Level,Itsas mailaren gaineko altuera.,Itsasoaren mailatik gorako altuera,Itsas-mailaren gainetik dagoen altuera,0.9,0.7385,0.8406,0.7222,0,0,0,Itsasoaren mailatik gorako altuera,Itsasoaren mailatik gorako altuera,mt_vote_revoted_gte_langfilter,2026-03-09T10:19:32,0.6957296133041382,0.7452946305274963,0.7398623824119568,madlad,eu,eu,eu,ItsasoarenMailatikGorakoAltuera
relation,eu,elevationAboveTheSeaLevelInFeet,elevation Above The Sea Level In Feet,"Itsas mailaren gaineko altuera, oinetan.","Itsasoaren mailatik gorako altuera, oinetan",Itsas-mailaren gaineko altuera oinetan,0.9,0.7952,0.9487,0.7407,0,1,0,Itsas-mailaren gaineko altuera oinetan,Itsas-mailaren gaineko altuera oinetan,mt_vote_revoted_gte_langfilter,2026-03-09T10:19:32,0.6576151251792908,0.6996749639511108,0.6916938424110413,salamandra,eu,eu,eu,Itsas-mailarenGainekoAltueraOinetan
relation,eu,elevationAboveTheSeaLevelInMetres,elevation Above The Sea Level In Metres,Itsas mailaren gaineko altuera metroetan,"Itsasoaren mailatik gorako altuera, metrotan","Itsas-mailaren gaineko altuera, metrotan",0.9,0.7857,0.95,0.7619,0,1,0,Itsas mailaren gaineko altuera metroetan,Itsas mailaren gaineko altuera metroetan,mt_vote_revoted_gte_langfilter,2026-03-09T10:19:32,0.760052502155304,0.7268205881118774,0.7145701050758362,nllb,eu,eu,eu,ItsasMailarenGainekoAltueraMetroetan
relation,eu,employer,employer,Enplegatzailea,Enplegatzailea,enplegatzailea,0.9,1.0,1.0,1.0,1,1,1,Enplegatzailea,Enplegatzailea,mt_vote_revoted_gte_langfilter,2026-03-09T10:19:32,0.6900010108947754,0.6900010108947754,0.6647735238075256,nllb,eu,eu,eu,Enplegatzailea
relation,eu,engine,engine,motorra,motorra,motor,0.9,1.0,0.0,0.0,1,0,0,motorra,motorra,mt_vote_revoted_gte_langfilter,2026-03-09T10:19:32,0.6177186369895935,0.6177186369895935,,nllb,es,es,en,Motorra
relation,eu,epoch,epoch,Garaiak,epoch,epoch,0.9,0.0,0.0,1.0,0,0,1,epoch,epoch,mt_vote_revoted_gte_langfilter,2026-03-09T10:19:32,,1.0,1.0,madlad,en,pl,pl,Epoch
relation,eu,escapeVelocity,escape Velocity,Ihes egiteko abiadura.,ihes-abiadura,escape Velocity,0.9,0.6857,0.0,0.0,0,0,0,ihes-abiadura,ihes-abiadura,mt_vote_revoted_gte_langfilter,2026-03-09T10:19:32,0.4442000985145569,0.4928528964519501,,madlad,eu,ms,en,Ihes-abiadura
relation,eu,established,established,ezarritako,ezarrita,established,0.9,0.8889,0.0,0.0,0,0,0,ezarritako,ezarritako,mt_vote_revoted_gte_langfilter,2026-03-09T10:19:32,0.700973391532898,0.6074313521385193,,nllb,eu,eu,en,Ezarritako
relation,eu,ethnicGroup,ethnic Group,Talde etnikoa,Talde etnikoa,talde etnikoa,0.9,1.0,1.0,1.0,1,1,1,talde etnikoa,talde etnikoa,mt_vote_revoted_gte_langfilter,2026-03-09T10:19:32,0.7385255098342896,0.7385255098342896,0.8625489473342896,salamandra,eu,eu,eu,TaldeEtnikoa
relation,eu,extinctionDate,extinction Date,desagertze data,iraungipen-data,desagertzearen data,0.9,0.3333,0.8824,0.4706,0,0,0,desagertzearen data,desagertzearen data,mt_vote_revoted_gte_langfilter,2026-03-09T10:19:32,0.5345830917358398,0.5534751415252686,0.6601427793502808,salamandra,eu,de,eu,DesagertzearenData
relation,eu,failedLaunches,failed Launches,Huts egindako jaurtiketak.,huts egin du abiaraztean,Huts egindako jaurtiketak,0.9,0.64,0.9804,0.4898,0,1,0,Huts egindako jaurtiketak,Huts egindako jaurtiketak,mt_vote_revoted_gte_langfilter,2026-03-09T10:19:32,0.5109043717384338,0.5793627500534058,0.5136250257492065,salamandra,eu,eu,eu,HutsEgindakoJaurtiketak
relation,eu,family,family,familia,family,familia,0.9,0.0,0.0,0.0,0,0,0,familia,familia,mt_vote,2026-03-05T14:09:47,,,,,en,en,en,Familia
relation,eu,fat,fat,gantza,gorriacolor,gantza,0.9,0.2353,1.0,0.2353,0,1,0,gantza,gantza,mt_vote_revoted_gte_langfilter,2026-03-09T10:19:32,0.4760613441467285,0.4868677258491516,0.4760613441467285,nllb,de,es,de,Gantza
relation,eu,fate,fate,patua,zoritxarra,patua,0.9,0.0,0.0,0.0,0,0,0,patua,patua,mt_vote,2026-03-05T14:09:48,,,,,en,en,en,Patua
relation,eu,finalFlight,final Flight,Azken hegaldia.,azken hegaldia,azken hegaldia,0.9,0.9655,0.9655,1.0,1,1,1,azken hegaldia,azken hegaldia,mt_vote_revoted_gte_langfilter,2026-03-09T10:19:32,0.6408524513244629,0.6464173793792725,0.6464173793792725,madlad,nl,nl,nl,AzkenHegaldia
relation,eu,firstAired,first Aired,Lehen aireratutakoa.,lehen aldiz aireratua,lehen Aired,0.9,0.7317,0.6452,0.625,0,0,0,lehen aldiz aireratua,lehen aldiz aireratua,mt_vote_revoted_gte_langfilter,2026-03-09T10:19:32,0.7055777311325073,0.731634259223938,0.7064046263694763,madlad,de,eu,de,LehenAldizAireratua
relation,eu,firstAppearanceInFilm,first Appearance In Film,Lehen aldia da filmetan agertzen dela.,Lehenengo agerpena filmean,Lehenengo agerpena zineman,0.9,0.5,0.5312,0.8846,0,0,0,Lehenengo agerpena filmean,Lehenengo agerpena filmean,mt_vote_revoted_gte_langfilter,2026-03-09T10:19:32,0.7292373776435852,0.7847564220428467,0.7526452541351318,madlad,eu,eu,eu,LehenengoAgerpenaFilmean
relation,eu,firstPublicationYear,first Publication Year,lehenengo argitalpen urtea,lehen argitalpen urtea,lehenengo Argitalpen Urtea,0.9,0.9167,1.0,0.9167,1,1,1,lehenengo Argitalpen Urtea,lehenengo Argitalpen Urtea,mt_vote_revoted_gte_langfilter,2026-03-09T10:19:32,0.7305401563644409,0.7439143657684326,0.7621697187423706,salamandra,eu,de,eu,LehenengoArgitalpenUrtea
relation,eu,floorArea,floor Area,Solairuaren azalera,solairuko area,lurzoruaren azalera,0.9,0.0,0.7895,0.0,0,0,0,lurzoruaren azalera,lurzoruaren azalera,mt_vote_revoted_gte_langfilter,2026-03-09T10:19:32,0.5095066428184509,,0.5380415320396423,salamandra,eu,en,eu,LurzoruarenAzalera
relation,eu,floorCount,floor Count,Solairuaren zenbaketa,solairu-kopurua,Floor Count,0.9,0.4444,0.3125,0.2308,0,0,0,Floor Count,Floor Count,mt_vote_revoted_gte_langfilter,2026-03-09T10:19:32,0.5201808214187622,0.5957728624343872,0.9691393375396729,salamandra,eu,eu,nl,FloorCount
relation,eu,followedBy,followed By,Jarraituta,ondorengoa,Followed By,0.9,0.1,0.0,0.0,0,0,0,Jarraituta,Jarraituta,mt_vote_revoted_gte_langfilter,2026-03-09T10:19:32,0.802106499671936,0.6327835917472839,,nllb,fr,es,en,Jarraituta
relation,eu,format,format,formatua,formatua,format,0.9,0.0,0.0,0.0,0,0,0,formatua,formatua,mt_vote,2026-03-05T14:09:51,,,,,en,en,en,Formatua
relation,eu,formerBandMember,former Band Member,Talde kide ohia,Taldearen kide ohia,Bandako kide ohia,0.9,0.8824,0.75,0.7222,0,0,0,Bandako kide ohia,Bandako kide ohia,mt_vote_revoted_gte_langfilter,2026-03-09T10:19:32,0.7051879167556763,0.7966375350952148,0.7973911762237549,salamandra,eu,eu,eu,BandakoKideOhia
relation,eu,formerName,former Name,Izen zaharra,Lehen izena,izen zaharra,0.9,0.4348,1.0,0.4348,0,1,0,Izen zaharra,Izen zaharra,mt_vote_revoted_gte_langfilter,2026-03-09T10:19:32,0.6680006980895996,0.7262049913406372,0.4869626462459564,nllb,eu,eu,eu,IzenZaharra
relation,eu,formerTeam,former Team,Talde ohia.,Talde ohia,aurreko taldea,0.9,0.9524,0.48,0.5,1,0,0,Talde ohia,Talde ohia,mt_vote_revoted_gte_langfilter,2026-03-09T10:19:32,0.5394343137741089,0.5816149711608887,0.6136760115623474,madlad,eu,eu,eu,TaldeOhia
relation,eu,fossil,fossil,fosila,fosila,fosila,0.9,1.0,1.0,1.0,1,1,1,fosila,fosila,mt_vote_revoted_gte_langfilter,2026-03-09T10:19:32,0.8304376602172852,0.8304376602172852,0.8304376602172852,nllb,ro,ro,ro,Fosila
relation,eu,foundationPlace,foundation Place,Fundazioaren lekua.,Oinarrizko lekua,fundazio Lekua,0.9,0.5143,0.8485,0.5333,0,0,0,Fundazioaren lekua.,Fundazioaren lekua.,mt_vote_revoted_gte_langfilter,2026-03-09T10:19:32,0.7326105833053589,0.7062464952468872,0.6595456600189209,nllb,eu,es,it,FundazioarenLekua.
relation,eu,foundedBy,founded By,Sortzailea:,Honek sortua,By founded,0.9,0.4348,0.0,0.0,0,0,0,Sortzailea:,Sortzailea:,mt_vote_revoted_gte_langfilter,2026-03-09T10:19:33,0.5436545014381409,0.5267138481140137,,nllb,de,hu,en,Sortzailea:
relation,eu,founder,founder,sortzailea,sortzailea,sortzailea,0.9,1.0,1.0,1.0,1,1,1,sortzailea,sortzailea,mt_vote_revoted_gte_langfilter,2026-03-09T10:19:33,0.6898075342178345,0.6898075342178345,0.6898075342178345,nllb,de,de,de,Sortzailea
relation,eu,foundingDate,founding Date,Sortze-data,fundazio-data,sortzeko data,0.9,0.5,0.8333,0.4615,0,0,0,fundazio-data,fundazio-data,mt_vote_revoted_gte_langfilter,2026-03-09T10:19:33,0.4556222558021545,0.6409994959831238,0.5384956002235413,madlad,eu,it,eu,Fundazio-data
relation,eu,foundingYear,founding Year,Sortze urtea,fundazio-urtea,Urte fundatzailea,0.9,0.4615,0.3448,0.5806,0,0,0,Urte fundatzailea,Urte fundatzailea,mt_vote_revoted_gte_langfilter,2026-03-09T10:19:33,0.634681224822998,0.6133830547332764,0.9087099432945251,salamandra,eu,it,eu,UrteFundatzailea
relation,eu,frequency,frequency,Maiztasuna,maiztasuna,maiztasuna,0.9,1.0,1.0,1.0,1,1,1,maiztasuna,maiztasuna,mt_vote_revoted_gte_langfilter,2026-03-09T10:19:33,0.5700173377990723,0.591265082359314,0.591265082359314,madlad,eu,eu,eu,Maiztasuna
relation,eu,fullName,full Name,Izen osoa.,Izen osoa,izen osoa,0.9,0.9474,0.9474,1.0,1,1,1,Izen osoa,Izen osoa,mt_vote_revoted_gte_langfilter,2026-03-09T10:19:33,0.6719789505004883,0.7393006086349487,0.5534944534301758,madlad,eu,eu,eu,IzenOsoa
relation,eu,function,function,funtzioa,funtzioa,funtzioa,0.9,1.0,1.0,1.0,1,1,1,funtzioa,funtzioa,mt_vote_revoted_gte_langfilter,2026-03-09T10:19:33,0.8178429007530212,0.8178429007530212,0.8178429007530212,nllb,eu,eu,eu,Funtzioa
relation,eu,garrison,garrison,Goarnizioa.,garnizioa,garrison,0.9,0.9,0.0,0.0,1,0,0,garnizioa,garnizioa,mt_vote_revoted_gte_langfilter,2026-03-09T10:19:33,0.5927992463111877,0.6542348861694336,,madlad,it,it,en,Garnizioa
relation,eu,gemstone,gemstone,Harribitxia,harri bitxia,harribitxia,0.9,0.0,0.0,0.0,0,0,0,Harribitxia,Harribitxia,mt_vote,2026-03-05T14:09:54,,,,,en,en,en,Harribitxia
relation,eu,generalManager,general Manager,Zuzendari orokorra.,Erabiltzailearen ezarpenakgeneral Manager,zuzendari nagusia,0.9,0.2667,0.6111,0.2414,0,0,0,Erabiltzailearen ezarpenakgeneral Manager,Erabiltzailearen ezarpenakgeneral Manager,mt_vote_revoted_gte_langfilter,2026-03-09T10:19:33,0.7533033490180969,0.8497709631919861,0.7862920761108398,madlad,eu,eu,eu,ErabiltzailearenEzarpenakgeneralManager
relation,eu,genre,genre,generoa,generoa,generoa,0.9,0.0,0.0,0.0,0,0,0,generoa,generoa,mt_vote,2026-03-05T14:09:55,,,,,en,en,en,Generoa
relation,eu,genus,genus,generoa,generoa,genus,0.9,0.0,0.0,0.0,0,0,0,generoa,generoa,mt_vote,2026-03-05T14:09:55,,,,,en,en,en,Generoa
relation,eu,governingBody,governing Body,Kontseilu zuzendaria,gobernu-organoa,Gobernu-organoa,0.9,0.0,0.0,0.0,0,0,0,Kontseilu zuzendaria,Kontseilu zuzendaria,mt_vote_revoted_gte_langfilter,2026-03-09T10:19:33,0.691236138343811,,,nllb,de,en,en,KontseiluZuzendaria
relation,eu,governmentType,government Type,Gobernu mota,gobernu mota,gobernu mota,0.9,0.0,0.0,0.0,0,0,0,Gobernu mota,Gobernu mota,mt_vote,2026-03-05T14:09:56,,,,,en,en,en,GobernuMota
relation,eu,gridReference,grid Reference,Sarearen erreferentzia,sareta-erreferentzia,grid Erreferentzia,0.9,0.8571,0.75,0.7368,0,0,0,grid Erreferentzia,grid Erreferentzia,mt_vote_revoted_gte_langfilter,2026-03-09T10:19:33,0.5608482360839844,0.5891411304473877,0.8758447170257568,salamandra,eu,eu,eu,GridErreferentzia
relation,eu,gross,gross,Batez ere,tamaina handikoa,gross,0.9,0.16,0.0,0.0,0,0,0,Batez ere,Batez ere,mt_vote_revoted_gte_langfilter,2026-03-09T10:19:33,0.5358420610427856,0.5063560009002686,,nllb,eu,fi,en,BatezEre
relation,eu,ground,ground,lurra,lurra,lurra,0.9,0.0,0.0,0.0,0,0,0,lurra,lurra,mt_vote,2026-03-05T14:09:57,,,,,en,en,en,Lurra
relation,eu,hasDeputy,has Deputy,Ordezkari bat du.,ordezkaria du,has Deputy,0.9,0.8667,0.0,0.0,0,0,0,ordezkaria du,ordezkaria du,mt_vote_revoted_gte_langfilter,2026-03-09T10:19:33,0.5958611965179443,0.6668434143066406,,madlad,eu,eu,en,OrdezkariaDu
relation,eu,hasToItsNorth,has To Its North,Iparraldean dago.,bere iparraldera du,Iparraldera begira dago,0.9,0.6667,0.75,0.619,0,0,0,bere iparraldera du,bere iparraldera du,mt_vote_revoted_gte_langfilter,2026-03-09T10:19:33,0.5310183167457581,0.5995346307754517,0.5847710967063904,madlad,eu,eu,eu,BereIparralderaDu
relation,eu,hasToItsNortheast,has To Its Northeast,Ipar-ekialdean dago.,bere ipar-ekialdera,Haren ipar-ekialderantz,0.9,0.6667,0.6512,0.8095,0,0,0,Ipar-ekialdean dago.,Ipar-ekialdean dago.,mt_vote_revoted_gte_langfilter,2026-03-09T10:19:33,0.5495238304138184,0.5468751192092896,0.5307451486587524,nllb,eu,eu,eu,Ipar-ekialdeanDago.
relation,eu,hasToItsNorthwest,has To Its Northwest,Bere ipar-mendebaldean dago.,bere ipar-mendebaldera,Haren ipar-mendebaldean,0.9,0.84,0.7843,0.8444,0,0,0,Haren ipar-mendebaldean,Haren ipar-mendebaldean,mt_vote_revoted_gte_langfilter,2026-03-09T10:19:33,0.5241402387619019,0.5071057081222534,0.5463283658027649,salamandra,eu,eu,eu,HarenIpar-mendebaldean
relation,eu,hasToItsSoutheast,has To Its Southeast,Hego-ekialdean dago.,bere hego-ekialdera,Haren hego-ekialderantz,0.9,0.6667,0.6512,0.8095,0,0,0,Hego-ekialdean dago.,Hego-ekialdean dago.,mt_vote_revoted_gte_langfilter,2026-03-09T10:19:33,0.536461591720581,0.5243452191352844,0.4934020638465881,nllb,eu,eu,eu,Hego-ekialdeanDago.
relation,eu,hasToItsSouthwest,has To Its Southwest,Hego-mendebaldean dago.,bere hego-mendebaldera,haren hego-mendebaldean,0.9,0.7111,0.7391,0.8444,0,0,0,Hego-mendebaldean dago.,Hego-mendebaldean dago.,mt_vote_revoted_gte_langfilter,2026-03-09T10:19:33,0.5205087661743164,0.4852175712585449,0.496153861284256,nllb,eu,eu,eu,Hego-mendebaldeanDago.
relation,eu,hasToItsWest,has To Its West,Mendebaldera doa.,bere mendebaldera,Haren mendebaldean,0.9,0.7059,0.6286,0.8,0,0,0,Haren mendebaldean,Haren mendebaldean,mt_vote_revoted_gte_langfilter,2026-03-09T10:19:33,0.4968880116939544,0.5173593163490295,0.5180561542510986,salamandra,eu,eu,eu,HarenMendebaldean
relation,eu,headquarter,headquarter,egoitza nagusia,egoitza,egoitza,0.9,0.6364,0.6364,1.0,0,0,1,egoitza,egoitza,mt_vote_revoted_gte_langfilter,2026-03-09T10:19:33,0.6382815837860107,0.5532482862472534,0.5532482862472534,madlad,eu,eu,eu,Egoitza
relation,eu,height,height,altuera,altuera,altuera,0.9,0.0,0.0,0.0,0,0,0,altuera,altuera,mt_vote,2026-03-05T14:10:00,,,,,en,en,en,Altuera
relation,eu,higher,higher,handiagoa,altuagoa,altuagoa,0.9,0.0,0.0,0.0,0,0,0,altuagoa,altuagoa,mt_vote,2026-03-05T14:10:01,,,,,en,en,en,Altuagoa
relation,eu,hubAirport,hub Airport,Zentroa Aireportua,hub aireportua,hub aireportua,0.9,0.6875,0.6875,1.0,0,0,1,hub aireportua,hub aireportua,mt_vote_revoted_gte_langfilter,2026-03-09T10:19:33,0.5111088156700134,0.8870919346809387,0.8870919346809387,madlad,eu,fr,fr,HubAireportua
relation,eu,iataLocationIdentifier,iata Location Identifier,iata Kokapenaren Identifikatzailea,iata kokalekuaren identifikatzailea,iata Location Identifier,0.9,0.9275,0.0,0.0,1,0,0,iata kokalekuaren identifikatzailea,iata kokalekuaren identifikatzailea,mt_vote_revoted_gte_langfilter,2026-03-09T10:19:33,0.7037286758422852,0.8523209095001221,,madlad,eu,eu,en,IataKokalekuarenIdentifikatzailea
relation,eu,icaoLocationIdentifier,icao Location Identifier,Icao Kokapen Identifikatzailea,icao kokalekuaren identifikatzailea,icao kokapen identifikatzailea,0.9,0.8923,1.0,0.8923,0,1,0,Icao Kokapen Identifikatzailea,Icao Kokapen Identifikatzailea,mt_vote_revoted_gte_langfilter,2026-03-09T10:19:33,0.7477622032165527,0.851576566696167,0.7424876689910889,nllb,eu,eu,eu,IcaoKokapenIdentifikatzailea
relation,eu,imdbId,imdb Id,Izenburua:,imdb IDa,imdb Id,0.9,0.0,0.0,0.0,0,0,0,Izenburua:,Izenburua:,mt_vote_revoted_gte_langfilter,2026-03-09T10:19:33,0.5631181001663208,,,nllb,eu,en,en,Izenburua:
relation,eu,impactFactor,impact Factor,Inpaktu faktorea,inpaktu-faktorea,eragin-faktorea,0.9,0.0,0.0,0.0,0,0,0,Inpaktu faktorea,Inpaktu faktorea,mt_vote_revoted_gte_langfilter,2026-03-09T10:19:33,0.7582961916923523,,,nllb,fr,en,en,InpaktuFaktorea
relation,eu,inOfficeWhileGovernor,in Office While Governor,Gobernadorea naizen bitartean.,Bulegoan Gobernatzailea den bitartean,Bulean gobernadore gisa,0.9,0.6567,0.4528,0.5,0,0,0,Bulegoan Gobernatzailea den bitartean,Bulegoan Gobernatzailea den bitartean,mt_vote_revoted_gte_langfilter,2026-03-09T10:19:33,0.7380853891372681,0.8136742115020752,0.7198310494422913,madlad,eu,eu,es,BulegoanGobernatzaileaDenBitartean
relation,eu,inOfficeWhileMonarch,in Office While Monarch,Monarkia mantentzen duen bitartean.,"Bulegoan, monarka den bitartean",Monarch-en bulegoan,0.9,0.6364,0.4444,0.32,0,0,0,"Bulegoan, monarka den bitartean","Bulegoan, monarka den bitartean",mt_vote_revoted_gte_langfilter,2026-03-09T10:19:33,0.7148061394691467,0.7685591578483582,0.7662863731384277,madlad,eu,eu,eu,"Bulegoan,MonarkaDenBitartean"
relation,eu,inOfficeWhilePresident,in Office While President,Lehendakari naizen bitartean.,Lehendakari den bitartean karguan,"Bulean, presidente gisa",0.9,0.7742,0.1538,0.3571,0,0,0,Lehendakari den bitartean karguan,Lehendakari den bitartean karguan,mt_vote_revoted_gte_langfilter,2026-03-09T10:19:33,0.6721535921096802,0.7709251642227173,0.6770614385604858,madlad,eu,eu,es,LehendakariDenBitarteanKarguan
relation,eu,inOfficeWhilePrimeMinister,in Office While Prime Minister,Lehen ministroa zen bitartean.,Lehen ministroa,"Bulean, lehen ministro izan zen bitartean",0.9,0.6667,0.8169,0.5357,0,0,0,"Bulean, lehen ministro izan zen bitartean","Bulean, lehen ministro izan zen bitartean",mt_vote_revoted_gte_langfilter,2026-03-09T10:19:33,0.6969459056854248,0.7766361236572266,0.7841594219207764,salamandra,eu,de,eu,"Bulean,LehenMinistroIzanZenBitartean"
relation,eu,inOfficeWhileVicePresident,in Office While Vice President,Lehendakariordea.,Lehendakariordea den bitartean,"Bulean, presidenteorde gisa",0.9,0.6809,0.4091,0.3158,0,0,0,Lehendakariordea den bitartean,Lehendakariordea den bitartean,mt_vote_revoted_gte_langfilter,2026-03-09T10:19:33,0.6416348814964294,0.7058922052383423,0.6867892742156982,madlad,eu,eu,nl,LehendakariordeaDenBitartean
relation,eu,inaugurationDate,inauguration Date,Inaugurazio eguna,inaugurazio-data,Inaugurazioaren data,0.9,0.7273,0.7027,0.8333,0,0,0,Inaugurazioaren data,Inaugurazioaren data,mt_vote_revoted_gte_langfilter,2026-03-09T10:19:33,0.8213613033294678,0.904633641242981,0.9343289732933044,salamandra,eu,it,eu,InaugurazioarenData
relation,eu,industry,industry,Industria,industria,industria,0.9,1.0,1.0,1.0,1,1,1,industria,industria,mt_vote_revoted_gte_langfilter,2026-03-09T10:19:33,0.8644357919692993,0.9186633825302124,0.9186633825302124,madlad,et,et,et,Industria
relation,eu,influencedBy,influenced By,eragindako,Honek eragina izan du,influentziatuta By,0.9,0.4516,0.2143,0.2051,0,0,0,influentziatuta By,influentziatuta By,mt_vote_revoted_gte_langfilter,2026-03-09T10:19:33,0.7463963627815247,0.6727602481842041,0.8744957447052002,salamandra,id,eu,eu,InfluentziatutaBy
relation,eu,ingredient,ingredient,osagaiak,osagaia,osagaia,0.9,0.0,0.0,0.0,0,0,0,osagaia,osagaia,mt_vote,2026-03-05T14:10:06,,,,,en,en,en,Osagaia
relation,eu,instrument,instrument,tresna bat,instrumentua,tresna,0.9,0.0,0.75,0.0,0,0,0,tresna bat,tresna bat,mt_vote_revoted_gte_langfilter,2026-03-09T10:19:33,0.5489621162414551,,0.4908515214920044,nllb,eu,en,fr,TresnaBat
relation,eu,isPartOf,is Part Of,Zati bat da.,Honen zati da,Part Of,0.9,0.56,0.0,0.0,0,0,0,Honen zati da,Honen zati da,mt_vote_revoted_gte_langfilter,2026-03-09T10:19:33,0.5036923289299011,0.6872363090515137,,madlad,eu,eu,en,HonenZatiDa
relation,eu,isPartOfMilitaryConflict,is Part Of Military Conflict,gatazka militarraren parte da.,gatazka militar baten parte da,Gatazka militarraren parte da,0.9,0.9,0.9831,0.9153,1,1,1,gatazka militar baten parte da,gatazka militar baten parte da,mt_vote_revoted_gte_langfilter,2026-03-09T10:19:33,0.7855398654937744,0.7920652031898499,0.7448796033859253,madlad,it,eu,it,GatazkaMilitarBatenParteDa
relation,eu,isbnNumber,isbn Number,Isbn Zenbakia,isbn zenbakia,isbn zenbakia,0.9,1.0,1.0,1.0,1,1,1,isbn zenbakia,isbn zenbakia,mt_vote_revoted_gte_langfilter,2026-03-09T10:19:33,0.7210605144500732,0.7459015250205994,0.7459015250205994,madlad,eu,eu,eu,IsbnZenbakia
relation,eu,iso6391Code,iso6391Code,iso6391 kodea,iso6391Kodea,iso6391Code,0.9,0.0,0.0,0.0,0,0,0,iso6391 kodea,iso6391 kodea,mt_vote,2026-03-05T14:10:08,,,,,en,en,en,Iso6391Kodea
relation,eu,iso6392Code,iso6392Code,iso6392Kodea,iso6392Kodea,iso6392Code,0.9,0.0,0.0,0.0,0,0,0,iso6392Kodea,iso6392Kodea,mt_vote,2026-03-05T14:10:08,,,,,en,en,en,Iso6392Kodea
relation,eu,issnNumber,issn Number,Zenbakia,ISSN zenbakia,ISSN zenbakia,0.9,0.7619,0.7619,1.0,0,0,1,ISSN zenbakia,ISSN zenbakia,mt_vote_revoted_gte_langfilter,2026-03-09T10:19:33,0.4477472007274627,0.6286063194274902,0.6286063194274902,madlad,eu,eu,eu,ISSNZenbakia
relation,eu,jurisdiction,jurisdiction,Jurisdikzioa,jurisdikzioa,jurisdikzioa,0.9,1.0,1.0,1.0,1,1,1,jurisdikzioa,jurisdikzioa,mt_vote_revoted_gte_langfilter,2026-03-09T10:19:33,0.8276543617248535,0.8886767625808716,0.8886767625808716,madlad,it,it,it,Jurisdikzioa
relation,eu,keyPerson,key Person,Gakoa Pertsona,gako-pertsona,pertsona gakoa,0.9,0.0,0.5714,0.0,0,0,0,pertsona gakoa,pertsona gakoa,mt_vote_revoted_gte_langfilter,2026-03-09T10:19:33,0.6450738906860352,,0.682151198387146,salamandra,eu,en,mg,PertsonaGakoa
relation,eu,knownFor,known For,Ezagutzen dut.,horretarako ezaguna,known For,0.9,0.3636,0.0,0.0,0,0,0,horretarako ezaguna,horretarako ezaguna,mt_vote_revoted_gte_langfilter,2026-03-09T10:19:33,0.547486424446106,0.6662136316299438,,madlad,eu,eu,en,HorretarakoEzaguna
relation,eu,language,language,Hizkuntza,hizkuntza,hizkuntza,0.9,1.0,1.0,1.0,1,1,1,Hizkuntza,Hizkuntza,mt_vote_revoted_gte_langfilter,2026-03-09T10:19:33,0.8330176472663879,0.750153660774231,0.750153660774231,nllb,de,de,de,Hizkuntza
relation,eu,largestCity,largest City,hiririk handiena,Hiririk handiena,Hiririk handiena,0.9,1.0,1.0,1.0,1,1,1,Hiririk handiena,Hiririk handiena,mt_vote_revoted_gte_langfilter,2026-03-09T10:19:33,0.911122500896454,0.915440797805786,0.915440797805786,madlad,de,de,de,HiririkHandiena
relation,eu,lastAired,last Aired,Azken aldiz aireratutakoa.,azkenekoz aireratua,Azken emisioa,0.9,0.7111,0.5128,0.5,0,0,0,azkenekoz aireratua,azkenekoz aireratua,mt_vote_revoted_gte_langfilter,2026-03-09T10:19:33,0.6969653367996216,0.7238611578941345,0.6837815642356873,madlad,eu,eu,eu,AzkenekozAireratua
relation,eu,latinName,latin Name,Latinezko izena.,Latinezko izena,Latin izena,0.9,0.9677,0.8148,0.8462,1,0,0,Latinezko izena,Latinezko izena,mt_vote_revoted_gte_langfilter,2026-03-09T10:19:33,0.8270797729492188,0.9232436418533324,0.9311766624450684,madlad,eu,eu,eu,LatinezkoIzena
relation,eu,launchSite,launch Site,Jaurtiketa gunea,abiarazi gunea,Site-a martxan jartzea,0.9,0.6,0.3158,0.3889,0,0,0,Site-a martxan jartzea,Site-a martxan jartzea,mt_vote_revoted_gte_langfilter,2026-03-09T10:19:33,0.6724821329116821,0.7409086227416992,0.8133424520492554,salamandra,de,eu,eu,Site-aMartxanJartzea
relation,eu,layout,layout,diseinua,diseinua,layout,0.9,1.0,0.0,0.0,1,0,0,diseinua,diseinua,mt_vote_revoted_gte_langfilter,2026-03-09T10:19:33,0.5990692377090454,0.5990692377090454,,nllb,de,de,en,Diseinua
relation,eu,leader,leader,Buruzagia.,buruzagia,lider,0.9,0.0,0.0,0.0,0,0,0,Buruzagia.,Buruzagia.,mt_vote,2026-03-05T14:10:12,,,,,en,en,en,Buruzagia.
relation,eu,leaderParty,leader Party,Alderdiko liderra.,liderra Alderdia,Alderdi burua,0.9,0.4706,0.6452,0.5517,0,0,0,Alderdi burua,Alderdi burua,mt_vote_revoted_gte_langfilter,2026-03-09T10:19:33,0.749192476272583,0.7351452112197876,0.8259601593017578,salamandra,eu,eu,id,AlderdiBurua
relation,eu,leaderTitle,leader Title,Buruzagia,liderra Izenburua,leader Title,0.9,0.0,0.0,0.0,0,0,0,liderra Izenburua,liderra Izenburua,mt_vote_revoted_gte_langfilter,2026-03-09T10:19:33,,0.812822699546814,,madlad,en,eu,en,LiderraIzenburua
relation,eu,league,league,Liga bat da.,leguaunit-format,liga,0.9,0.0,0.0,0.0,0,0,0,Liga bat da.,Liga bat da.,mt_vote_revoted_gte_langfilter,2026-03-09T10:19:33,0.7501465082168579,,,nllb,id,en,en,LigaBatDa.
relation,eu,legislature,legislature,Legebiltzarra,legegintzaldia,legegilea,0.9,0.6667,0.6364,0.6087,0,0,0,Legebiltzarra,Legebiltzarra,mt_vote_revoted_gte_langfilter,2026-03-09T10:19:33,0.8452950716018677,0.7119255661964417,0.7446324229240417,nllb,de,de,de,Legebiltzarra
relation,eu,length,length,luzera,luzera,luzera,0.9,1.0,1.0,1.0,1,1,1,luzera,luzera,mt_vote_revoted_gte_langfilter,2026-03-09T10:19:33,0.6247046589851379,0.6247046589851379,0.6247046589851379,nllb,eu,eu,eu,Luzera
relation,eu,libraryofCongressClassification,libraryof Congress Classification,Kongresuaren Liburutegia.,libraryof Congress Classification,Kongresuko liburutegiaren sailkapena,0.9,0.0,0.6557,0.0,0,0,0,Kongresuko liburutegiaren sailkapena,Kongresuko liburutegiaren sailkapena,mt_vote_revoted_gte_langfilter,2026-03-09T10:19:33,0.7555928230285645,,0.8180833458900452,salamandra,eu,en,eu,KongresukoLiburutegiarenSailkapena
relation,eu,literaryGenre,literary Genre,Literaturazko generoa,genero literarioa,Genero literarioa,0.9,0.4737,0.4737,1.0,0,0,1,Genero literarioa,Genero literarioa,mt_vote_revoted_gte_langfilter,2026-03-09T10:19:33,0.7233290672302246,0.7643589973449707,0.799618124961853,salamandra,de,es,es,GeneroLiterarioa
relation,eu,location,location,kokapena,kokalekua,lokalizazioa,0.9,0.7059,0.4,0.4762,0,0,0,lokalizazioa,lokalizazioa,mt_vote_revoted_gte_langfilter,2026-03-09T10:19:33,0.5072368383407593,0.6780554056167603,0.6878433227539062,salamandra,fi,fi,eu,Lokalizazioa
relation,eu,locationIdentifier,location Identifier,kokapenaren identifikatzailea,kokalekuaren identifikatzailea,lokalizazioaren identifikatzailea,0.9,0.9153,0.8065,0.8254,1,0,0,kokalekuaren identifikatzailea,kokalekuaren identifikatzailea,mt_vote_revoted_gte_langfilter,2026-03-09T10:19:33,0.609817624092102,0.7798975706100464,0.77580726146698,madlad,eu,eu,eu,KokalekuarenIdentifikatzailea
relation,eu,longName,long Name,Izen luzea,Izen luzea,long Name,0.9,1.0,0.0,0.0,1,0,0,Izen luzea,Izen luzea,mt_vote_revoted_gte_langfilter,2026-03-09T10:19:33,0.8088703155517578,0.8088703155517578,,nllb,eu,eu,en,IzenLuzea
relation,eu,maidenFlight,maiden Flight,Lehen hegaldia.,maiden flight,Flight of the maiden,0.9,0.2857,0.0,0.0,0,0,0,maiden flight,maiden flight,mt_vote_revoted_gte_langfilter,2026-03-09T10:19:33,0.5213038325309753,0.9602195024490356,,madlad,eu,de,en,MaidenFlight
relation,eu,maidenVoyage,maiden Voyage,Nesken bidaia.,maiden Voyage,maiden Voyage,0.9,0.2963,0.2963,1.0,0,0,1,maiden Voyage,maiden Voyage,mt_vote_revoted_gte_langfilter,2026-03-09T10:19:33,0.6613055467605591,1.0000001192092896,1.0000001192092896,madlad,nl,de,de,MaidenVoyage
relation,eu,mainIngredient,main Ingredient,Osagai nagusia,osagai nagusia,Ingredient nagusia,0.9,0.0,0.0,0.0,0,0,0,Ingredient nagusia,Ingredient nagusia,mt_vote_revoted_gte_langfilter,2026-03-09T10:19:33,,,0.8768303394317627,salamandra,en,en,de,IngredientNagusia
relation,eu,manager,manager,Zuzendaria.,kudeatzailea,kudeatzailea,0.9,0.2609,0.2609,1.0,0,0,1,kudeatzailea,kudeatzailea,mt_vote_revoted_gte_langfilter,2026-03-09T10:19:33,0.7337520122528076,0.5332839488983154,0.5332839488983154,madlad,eu,eu,eu,Kudeatzailea
relation,eu,manufacturer,manufacturer,fabrikatzailea,fabrikatzailea,fabrikatzailea,0.9,1.0,1.0,1.0,1,1,1,fabrikatzailea,fabrikatzailea,mt_vote_revoted_gte_langfilter,2026-03-09T10:19:33,0.7838596105575562,0.7838596105575562,0.7838596105575562,nllb,eu,eu,eu,Fabrikatzailea
relation,eu,mascot,mascot,maskota,maskota,maskota,0.9,0.0,0.0,0.0,0,0,0,maskota,maskota,mt_vote,2026-03-05T14:10:17,,,,,en,en,en,Maskota
relation,eu,mass,mass,masa,% 1 unitateko masaunit description in lists,masa,0.9,0.0,0.0,0.0,0,0,0,% 1 unitateko masaunit description in lists,% 1 unitateko masaunit description in lists,mt_vote_revoted_gte_langfilter,2026-03-09T10:19:33,,0.6255624294281006,,madlad,en,fr,en,%1UnitatekoMasaunitDescriptionInLists
relation,eu,material,material,materiala,materiala,materiala,0.9,0.0,0.0,0.0,0,0,0,materiala,materiala,mt_vote,2026-03-05T14:10:17,,,,,en,en,en,Materiala
relation,eu,maximumTemperature,maximum Temperature,tenperatura maximoa,Gehienezko tenperatura,tenperatura maximoa,0.9,0.0,0.0,0.0,0,0,0,Gehienezko tenperatura,Gehienezko tenperatura,mt_vote_revoted_gte_langfilter,2026-03-09T10:19:33,,0.8029006719589233,,madlad,en,eu,en,GehienezkoTenperatura
relation,eu,mayor,mayor,Alkatea,handiena,alkatea,0.9,0.0,0.0,0.0,0,0,0,handiena,handiena,mt_vote_revoted_gte_langfilter,2026-03-09T10:19:33,,0.6073444485664368,,madlad,en,de,en,Handiena
relation,eu,meanTemperature,mean Temperature,Batezbesteko tenperatura,batez besteko tenperatura,Batez besteko tenperatura,0.9,0.9796,0.9796,1.0,1,1,1,batez besteko tenperatura,batez besteko tenperatura,mt_vote_revoted_gte_langfilter,2026-03-09T10:19:33,0.585310697555542,0.6399754285812378,0.4749388694763183,madlad,de,eu,eu,BatezBestekoTenperatura
relation,eu,meaning,meaning,Zer esan nahi du?,esanahia,esanahia,0.9,0.56,0.56,1.0,0,0,1,esanahia,esanahia,mt_vote_revoted_gte_langfilter,2026-03-09T10:19:33,0.5962187647819519,0.5459170341491699,0.5459170341491699,madlad,eu,eu,eu,Esanahia
relation,eu,mediaType,media Type,euskarri mota,euskarri mota,Media mota,0.9,1.0,0.0,0.0,1,0,0,euskarri mota,euskarri mota,mt_vote_revoted_gte_langfilter,2026-03-09T10:19:33,0.4817767739295959,0.4817767739295959,,nllb,sv,sv,en,EuskarriMota
relation,eu,militaryBranch,military Branch,Militarrak.,Adarra militarra,Biltzar militarra,0.9,0.0,0.0,0.7273,0,0,0,Adarra militarra,Adarra militarra,mt_vote_revoted_gte_langfilter,2026-03-09T10:19:33,,0.7263538837432861,0.7079877257347107,madlad,en,mt,eu,AdarraMilitarra
relation,eu,militaryRank,military Rank,maila militarra,Maila militarra,maila militarra,0.9,1.0,1.0,1.0,1,1,1,maila militarra,maila militarra,mt_vote_revoted_gte_langfilter,2026-03-09T10:19:33,0.7173700332641602,0.7098405361175537,0.7173700332641602,nllb,mg,mg,mg,MailaMilitarra
relation,eu,minimumTemperature,minimum Temperature,Gutxieneko tenperatura,Gutxieneko tenperatura,gutxieneko tenperatura,0.9,1.0,1.0,1.0,1,1,1,gutxieneko tenperatura,gutxieneko tenperatura,mt_vote_revoted_gte_langfilter,2026-03-09T10:19:33,0.7143582105636597,0.7143582105636597,0.7898651361465454,salamandra,de,de,de,GutxienekoTenperatura
relation,eu,mission,mission,misioa,misioa,misioa,0.9,0.0,0.0,0.0,0,0,0,misioa,misioa,mt_vote,2026-03-05T14:10:20,,,,,en,en,en,Misioa
relation,eu,modelStartYear,model Start Year,Modeloaren hasierako urtea,Hasierako urtea,ereduaren hasiera-urtea,0.9,0.7317,0.7347,0.6316,0,0,0,Modeloaren hasierako urtea,Modeloaren hasierako urtea,mt_vote_revoted_gte_langfilter,2026-03-09T10:19:33,0.8198832869529724,0.7383310794830322,0.6259621381759644,nllb,eu,de,eu,ModeloarenHasierakoUrtea
relation,eu,modelYears,model Years,Eredu urteak,modelo-urteak,Urte-eredu,0.9,0.56,0.4545,0.3478,0,0,0,modelo-urteak,modelo-urteak,mt_vote_revoted_gte_langfilter,2026-03-09T10:19:33,0.6990101337432861,0.7519465088844299,0.5637397766113281,madlad,fr,de,de,Modelo-urteak
relation,eu,mostChampions,most Champions,Txapeldun gehienak.,Txapeldun gehien,Txapeldun gehienak,0.9,0.9143,0.973,0.9412,1,1,1,Txapeldun gehien,Txapeldun gehien,mt_vote_revoted_gte_langfilter,2026-03-09T10:19:33,0.5742383003234863,0.6105186939239502,0.5867236256599426,madlad,eu,eu,eu,TxapeldunGehien
relation,eu,motto,motto,Goiburua:,goiburua,motto,0.9,0.0,0.0,0.0,0,0,0,Goiburua:,Goiburua:,mt_vote,2026-03-05T14:10:21,,,,,en,en,en,Goiburua:
relation,eu,municipality,municipality,Udalerria,udalerria,udalerria,0.9,0.0,0.0,0.0,0,0,0,Udalerria,Udalerria,mt_vote_revoted_gte_langfilter,2026-03-09T10:19:33,0.6360459327697754,,,nllb,da,en,en,Udalerria
relation,eu,musicComposer,music Composer,Musika Konpositorea,musika-konposatzailea,Musika konposatzailea,0.9,0.0,0.0,0.9524,0,0,1,musika-konposatzailea,musika-konposatzailea,mt_vote_revoted_gte_langfilter,2026-03-09T10:19:33,,0.8171219825744629,0.8007891774177551,madlad,en,eu,eu,Musika-konposatzailea
relation,eu,musicFusionGenre,music Fusion Genre,musika Fusioa Generoa,music Fusion generoa,Musika Fusio Generoa,0.9,0.878,0.9756,0.9,0,1,1,music Fusion generoa,music Fusion generoa,mt_vote_revoted_gte_langfilter,2026-03-09T10:19:33,0.755456805229187,0.8905515670776367,0.7611614465713501,madlad,eu,nl,es,MusicFusionGeneroa
relation,eu,musicSubgenre,music Subgenre,Musika Azpigeneroa,musika azpigeneroa,Musikaren azpigeneroa,0.9,1.0,0.9231,0.9231,1,1,1,Musikaren azpigeneroa,Musikaren azpigeneroa,mt_vote_revoted_gte_langfilter,2026-03-09T10:19:33,0.6416574120521545,0.6797580718994141,0.695360541343689,salamandra,de,hu,eu,MusikarenAzpigeneroa
relation,eu,musicalArtist,musical Artist,Musika-artista,Artista musikala,Artista musikala,0.9,0.0,0.0,1.0,0,0,1,Artista musikala,Artista musikala,mt_vote_revoted_gte_langfilter,2026-03-09T10:19:33,,0.921540379524231,0.921540379524231,madlad,en,es,es,ArtistaMusikala
relation,eu,musicalBand,musical Band,Musika taldea.,Banda musikala,Band musikala,0.9,0.5,0.0,0.0,0,0,0,Banda musikala,Banda musikala,mt_vote_revoted_gte_langfilter,2026-03-09T10:19:33,0.7469234466552734,0.9009853601455688,,madlad,eu,ms,en,BandaMusikala
relation,eu,nationality,nationality,nazionalitatea,nazionalitatea,nazionalitatea,0.9,1.0,1.0,1.0,1,1,1,nazionalitatea,nazionalitatea,mt_vote_revoted_gte_langfilter,2026-03-09T10:19:33,0.7946527004241943,0.7946527004241943,0.7946527004241943,nllb,it,it,it,Nazionalitatea
relation,eu,nativeName,native Name,Izenburua,Jatorrizko izena,jatorrizko izena,0.9,0.4,0.4,1.0,0,0,1,jatorrizko izena,jatorrizko izena,mt_vote_revoted_gte_langfilter,2026-03-09T10:19:33,0.5105651617050171,0.6328437328338623,0.7265008687973022,salamandra,eu,eu,eu,JatorrizkoIzena
relation,eu,nearestCity,nearest City,Hurbilen dagoen hiria.,hurbilen dagoen hiria,Hiririk hurbilena,0.9,0.9767,0.4615,0.4737,1,0,0,hurbilen dagoen hiria,hurbilen dagoen hiria,mt_vote_revoted_gte_langfilter,2026-03-09T10:19:33,0.6253323554992676,0.878426730632782,0.8506863117218018,madlad,eu,eu,it,HurbilenDagoenHiria
relation,eu,neighboringMunicipality,neighboring Municipality,Auzoko Udala,auzoko udalerria,Udalerri mugakidea,0.9,0.8571,0.0,0.0,0,0,0,auzoko udalerria,auzoko udalerria,mt_vote_revoted_gte_langfilter,2026-03-09T10:19:33,0.576458215713501,0.7084212303161621,,madlad,da,da,en,AuzokoUdalerria
relation,eu,netIncome,net Income,Diru-sarrerak,diru-sarrera garbia,net Income,0.9,0.0,0.0,0.0,0,0,0,diru-sarrera garbia,diru-sarrera garbia,mt_vote_revoted_gte_langfilter,2026-03-09T10:19:33,,0.5603979229927063,,madlad,en,es,en,Diru-sarreraGarbia
relation,eu,nickname,nickname,ezizena,ezizena,nickname,0.9,1.0,0.4,0.4,1,0,0,ezizena,ezizena,mt_vote_revoted_gte_langfilter,2026-03-09T10:19:33,0.4861506819725036,0.4861506819725036,1.0000001192092896,nllb,de,de,sv,Ezizena
relation,eu,notableWork,notable Work,lan nabarmena,Lan nabarmena,Lan nabarmena,0.9,1.0,1.0,1.0,1,1,1,lan nabarmena,lan nabarmena,mt_vote_revoted_gte_langfilter,2026-03-09T10:19:33,0.7301892638206482,0.7264266014099121,0.7264266014099121,nllb,id,id,id,LanNabarmena
relation,eu,numberOfDoctoralStudents,number Of Doctoral Students,Doktoretza ikasleen kopurua,Doktorego ikasleen kopurua,Doktoregoko ikasleen kopurua,0.9,0.9057,0.8727,0.963,1,0,1,Doktoregoko ikasleen kopurua,Doktoregoko ikasleen kopurua,mt_vote_revoted_gte_langfilter,2026-03-09T10:19:33,0.917893409729004,0.8913793563842773,0.9196532368659972,salamandra,eu,eu,eu,DoktoregokoIkasleenKopurua
relation,eu,numberOfEmployees,number Of Employees,Langile kopurua,Enplegatu kopurua,langile kopurua,0.9,0.0,1.0,0.0,0,1,0,langile kopurua,langile kopurua,mt_vote_revoted_gte_langfilter,2026-03-09T10:19:33,0.9081369638442992,,0.9100391864776612,salamandra,rw,en,rw,LangileKopurua
relation,eu,numberOfLocations,number Of Locations,Kokapen kopurua,Kokaleku kopurua,Leku-kopurua,0.9,0.0,0.5926,0.0,0,0,0,Kokapen kopurua,Kokapen kopurua,mt_vote_revoted_gte_langfilter,2026-03-09T10:19:33,0.6686708331108093,,0.5470067262649536,nllb,eu,en,eu,KokapenKopurua
relation,eu,numberOfMembers,number Of Members,Diputatuen kopurua,Kideen kopurua,Kide-kopurua,0.9,0.6875,0.6,0.8462,0,0,0,Diputatuen kopurua,Diputatuen kopurua,mt_vote_revoted_gte_langfilter,2026-03-09T10:19:33,0.7907519340515137,0.6900787353515625,0.5447901487350464,nllb,eu,eu,eu,DiputatuenKopurua
relation,eu,numberOfPages,number Of Pages,Orrialde kopurua,Orrialde kopurua,Orrialde kopurua,0.9,1.0,1.0,1.0,1,1,1,Orrialde kopurua,Orrialde kopurua,mt_vote_revoted_gte_langfilter,2026-03-09T10:19:33,0.6908372044563293,0.6908372044563293,0.6908372044563293,nllb,eu,eu,eu,OrrialdeKopurua
relation,eu,numberOfPostgraduateStudents,number Of Postgraduate Students,Graduondoko ikasleen kopurua,Graduondoko Ikasleen kopurua,Graduondoko ikasleen kopurua,0.9,1.0,1.0,1.0,1,1,1,Graduondoko ikasleen kopurua,Graduondoko ikasleen kopurua,mt_vote_revoted_gte_langfilter,2026-03-09T10:19:33,0.8655296564102173,0.8374988436698914,0.8655296564102173,nllb,eu,eu,eu,GraduondokoIkasleenKopurua
relation,eu,numberOfRooms,number Of Rooms,Gela kopurua,Gela kopurua,logelen kopurua,0.9,1.0,0.8148,0.8148,1,0,0,Gela kopurua,Gela kopurua,mt_vote_revoted_gte_langfilter,2026-03-09T10:19:33,0.6878268122673035,0.6878268122673035,0.7271552085876465,nllb,eu,eu,tr,GelaKopurua
relation,eu,numberOfStudents,number Of Students,Ikasleen kopurua,Ikasleen kopurua,Ikasle kopurua,0.9,1.0,0.9333,0.9333,1,1,1,Ikasleen kopurua,Ikasleen kopurua,mt_vote_revoted_gte_langfilter,2026-03-09T10:19:33,0.9106804132461548,0.9106804132461548,0.9035636186599731,nllb,eu,eu,tr,IkasleenKopurua
relation,eu,numberOfUndergraduateStudents,number Of Undergraduate Students,Graduondoko ikasleen kopurua,Graduko Ikasleen kopurua,Gradu aurreko ikasleen kopurua,0.9,0.9231,0.8276,0.8889,1,0,0,Graduondoko ikasleen kopurua,Graduondoko ikasleen kopurua,mt_vote_revoted_gte_langfilter,2026-03-09T10:19:33,0.8216404914855957,0.8072437644004822,0.8037861585617065,nllb,eu,eu,eu,GraduondokoIkasleenKopurua
relation,eu,numberOfVotesAttained,number Of Votes Attained,lortutako boto kopurua,lortutako botoen kopurua,lortutako boto-kopurua,0.9,0.0,0.0,0.913,0,0,1,lortutako botoen kopurua,lortutako botoen kopurua,mt_vote_revoted_gte_langfilter,2026-03-09T10:19:33,,0.8365731239318848,0.7330673933029175,madlad,en,eu,eu,LortutakoBotoenKopurua
relation,eu,occupation,occupation,lanbidea,lanbidea,okupazioa,0.9,0.0,0.0,0.0,0,0,0,okupazioa,okupazioa,mt_vote_revoted_gte_langfilter,2026-03-09T10:19:33,,,0.6933688521385193,salamandra,en,en,it,Okupazioa
relation,eu,oclcNumber,oclc Number,Zenbakia:,OCLC zenbakia,oclc Number,0.9,0.7273,0.0,0.0,0,0,0,OCLC zenbakia,OCLC zenbakia,mt_vote_revoted_gte_langfilter,2026-03-09T10:19:33,0.4764792025089264,0.75629723072052,,madlad,eu,eu,en,OCLCZenbakia
relation,eu,office,office,Bulegoa,bulegoa,bulego,0.9,0.0,0.0,0.0,0,0,0,Bulegoa,Bulegoa,mt_vote,2026-03-05T14:10:30,,,,,en,en,en,Bulegoa
relation,eu,officialLanguage,official Language,Hizkuntza ofiziala,Hizkuntza ofiziala,Hizkuntza ofiziala,0.9,1.0,1.0,1.0,1,1,1,Hizkuntza ofiziala,Hizkuntza ofiziala,mt_vote_revoted_gte_langfilter,2026-03-09T10:19:33,0.8188748955726624,0.8188748955726624,0.8188748955726624,nllb,eu,eu,eu,HizkuntzaOfiziala
relation,eu,officialSchoolColour,official School Colour,Ikastetxearen kolore ofiziala,Eskolako kolore ofiziala,eskolaren kolore ofiziala,0.9,0.6792,0.7778,0.898,0,0,0,eskolaren kolore ofiziala,eskolaren kolore ofiziala,mt_vote_revoted_gte_langfilter,2026-03-09T10:19:33,0.8706437349319458,0.8768422603607178,0.8901400566101074,salamandra,eu,it,eu,EskolarenKoloreOfiziala
relation,eu,operatingIncome,operating Income,Funtzionamenduaren irabaziak,Eragiketaren diru-sarrerak,erabilera-errenta,0.9,0.4074,0.3111,0.4651,0,0,0,Funtzionamenduaren irabaziak,Funtzionamenduaren irabaziak,mt_vote_revoted_gte_langfilter,2026-03-09T10:19:33,0.6099892854690552,0.6034412384033203,0.6009565591812134,nllb,eu,eu,eu,FuntzionamenduarenIrabaziak
relation,eu,operatingOrganisation,operating Organisation,Antolakuntza eragilea,Erakunde eragilea,Erakunde eragilea,0.9,0.6842,0.6842,1.0,0,0,1,Erakunde eragilea,Erakunde eragilea,mt_vote_revoted_gte_langfilter,2026-03-09T10:19:33,0.6129441261291504,0.5952366590499878,0.5952366590499878,madlad,eu,eu,eu,ErakundeEragilea
relation,eu,operator,operator,eragilea,eragilea,operadore,0.9,0.0,0.0,0.0,0,0,0,operadore,operadore,mt_vote_revoted_gte_langfilter,2026-03-09T10:19:33,,,0.8398553133010864,salamandra,en,en,pt,Operadore
relation,eu,orbitalPeriod,orbital Period,Orbitalen iraupena,Periodo orbitala,periodo orbitala,0.9,0.4706,0.4706,1.0,0,0,1,Periodo orbitala,Periodo orbitala,mt_vote_revoted_gte_langfilter,2026-03-09T10:19:33,0.7257311344146729,0.9405605792999268,0.9327201247215272,madlad,eu,pt,pt,PeriodoOrbitala
relation,eu,order,order,ordena,ordena,order,0.9,1.0,0.0,0.0,1,0,0,ordena,ordena,mt_vote_revoted_gte_langfilter,2026-03-09T10:19:33,0.7732303738594055,0.7732303738594055,,nllb,de,de,en,Ordena
relation,eu,origin,origin,jatorria,jatorria,jatorria,0.9,0.0,0.0,0.0,0,0,0,jatorria,jatorria,mt_vote,2026-03-05T14:10:33,,,,,en,en,en,Jatorria
relation,eu,outlookRanking,outlook Ranking,Ikuspegiak sailkapena,Outlook- en sailkapena,outlook Ranking,0.9,0.0,0.0,0.0,0,0,0,Outlook- en sailkapena,Outlook- en sailkapena,mt_vote_revoted_gte_langfilter,2026-03-09T10:19:33,,0.7197927236557007,,madlad,en,no,en,Outlook-EnSailkapena
relation,eu,owner,owner,Jabea.,owner,jabea,0.9,0.0,0.0,0.0,0,0,0,Jabea.,Jabea.,mt_vote,2026-03-05T14:10:34,,,,,en,en,en,Jabea.
relation,eu,owningOrganisation,owning Organisation,Erakundearen jabea.,jabetza duen erakundea,Jabe den erakundea,0.9,0.439,0.4865,0.9,0,0,1,jabetza duen erakundea,jabetza duen erakundea,mt_vote_revoted_gte_langfilter,2026-03-09T10:19:33,0.6552780866622925,0.7292747497558594,0.6788569688796997,madlad,eu,eu,eu,JabetzaDuenErakundea
relation,eu,parentCompany,parent Company,Enpresa nagusia,Enpresa gurasoa,enpresa nagusia,0.9,0.8,1.0,0.7333,0,1,0,enpresa nagusia,enpresa nagusia,mt_vote_revoted_gte_langfilter,2026-03-09T10:19:33,0.7457677721977234,0.6918448209762573,0.7522730827331543,salamandra,es,es,es,EnpresaNagusia
relation,eu,part,part,zati bat,zatia,part,0.9,0.0,0.0,0.0,0,0,0,zati bat,zati bat,mt_vote_revoted_gte_langfilter,2026-03-09T10:19:33,0.7292088270187378,,,nllb,it,en,en,ZatiBat
relation,eu,partialFailures,partial Failures,Hutsune partzialak,Hutsegite partzialak,Hutsegite partzialak,0.9,0.8421,0.8421,1.0,0,0,1,Hutsegite partzialak,Hutsegite partzialak,mt_vote_revoted_gte_langfilter,2026-03-09T10:19:33,0.5950548648834229,0.6376854777336121,0.6376854777336121,madlad,eu,eu,eu,HutsegitePartzialak
relation,eu,partsType,parts Type,piezak mota,zati mota,Partes Mota,0.9,0.7,0.6364,0.7,0,0,0,Partes Mota,Partes Mota,mt_vote_revoted_gte_langfilter,2026-03-09T10:19:33,0.6002697348594666,0.5430831909179688,0.7146304845809937,salamandra,eu,it,de,PartesMota
relation,eu,party,party,Festa bat.,festa,party,0.9,0.0,0.0,0.0,0,0,0,Festa bat.,Festa bat.,mt_vote_revoted_gte_langfilter,2026-03-09T10:19:33,0.744329571723938,,,nllb,eu,en,en,FestaBat.
relation,eu,patronSaint,patron Saint,Santu babeslea.,patroi santua,patroi santua,0.9,0.0,0.0,1.0,0,0,1,patroi santua,patroi santua,mt_vote_revoted_gte_langfilter,2026-03-09T10:19:33,,0.8047882318496704,0.8047882318496704,madlad,en,fr,fr,PatroiSantua
relation,eu,percentageOfAreaWater,percentage Of Area Water,Ur-azaleraren ehunekoa,Areako uraren ehunekoa,Ur-azaleraren ehunekoa,0.9,0.6818,1.0,0.7273,0,1,0,Ur-azaleraren ehunekoa,Ur-azaleraren ehunekoa,mt_vote_revoted_gte_langfilter,2026-03-09T10:19:33,0.527262806892395,0.6741815805435181,0.527262806892395,nllb,eu,eu,eu,Ur-azalerarenEhunekoa
relation,eu,periapsis,periapsis,Periapsia,periapsis,periapsia,0.9,0.0,0.0,0.0,0,0,0,Periapsia,Periapsia,mt_vote,2026-03-05T14:10:36,,,,,en,en,en,Periapsia
relation,eu,place,place,leku bat,lekua,leku,0.9,0.0,0.0,0.0,0,0,0,leku bat,leku bat,mt_vote_revoted_gte_langfilter,2026-03-09T10:19:33,0.6583654880523682,,,nllb,eu,en,en,LekuBat
relation,eu,playerNumber,player Number,Jokalari kopurua.,Jokalariaren zenbakia,jokalariaren zenbakia,0.9,0.5789,0.5789,1.0,0,0,1,jokalariaren zenbakia,jokalariaren zenbakia,mt_vote_revoted_gte_langfilter,2026-03-09T10:19:33,0.6248826384544373,0.548446536064148,0.7342631816864014,salamandra,eu,eu,eu,JokalariarenZenbakia
relation,eu,populationDensity,population Density,Biztanle-dentsitatea,biztanleria-dentsitatea,biztanleriaren dentsitatea,0.9,0.9302,0.8261,0.898,1,0,0,biztanleria-dentsitatea,biztanleria-dentsitatea,mt_vote_revoted_gte_langfilter,2026-03-09T10:19:33,0.5010992288589478,0.6485370397567749,0.7122214436531067,madlad,eu,eu,eu,Biztanleria-dentsitatea
relation,eu,populationMetro,population Metro,biztanleria Metro,populazioa Metroa,populazioa Metro,0.9,0.4706,0.4848,0.9697,0,0,1,populazioa Metro,populazioa Metro,mt_vote_revoted_gte_langfilter,2026-03-09T10:19:33,0.8553078770637512,0.9222711324691772,0.9284427165985109,salamandra,tr,eu,eu,PopulazioaMetro
relation,eu,populationMetroDensity,population Metro Density,biztanleria Dentsitate metropolitanoa,biztanleria Metro Dentsitatea,biztanleriaren metro-dentsitatea,0.9,0.697,0.6667,0.918,0,0,1,biztanleriaren metro-dentsitatea,biztanleriaren metro-dentsitatea,mt_vote_revoted_gte_langfilter,2026-03-09T10:19:33,0.7783411741256714,0.7622371912002563,0.8011813163757324,salamandra,eu,eu,eu,BiztanleriarenMetro-dentsitatea
relation,eu,populationTotal,population Total,Biztanleriaren kopurua,biztanleria guztira,populazioa Guztira,0.9,0.6341,0.25,0.5405,0,0,0,populazioa Guztira,populazioa Guztira,mt_vote_revoted_gte_langfilter,2026-03-09T10:19:33,0.7119561433792114,0.7051905989646912,0.7576954960823059,salamandra,eu,eu,eu,PopulazioaGuztira
relation,eu,position,position,posizioa,posizioa,posizioa,0.9,1.0,1.0,1.0,1,1,1,posizioa,posizioa,mt_vote_revoted_gte_langfilter,2026-03-09T10:19:33,0.8457539081573486,0.8457539081573486,0.8457539081573486,nllb,it,it,it,Posizioa
relation,eu,postalCode,postal Code,Posta-kodea,Posta-kodea,posta-kodea,0.9,1.0,1.0,1.0,1,1,1,Posta-kodea,Posta-kodea,mt_vote_revoted_gte_langfilter,2026-03-09T10:19:33,0.8240691423416138,0.8240691423416138,0.6716257929801941,nllb,mt,mt,mt,Posta-kodea
relation,eu,powerType,power Type,potentzia mota,potentzia mota,potentzia Mota,0.9,1.0,1.0,1.0,1,1,1,potentzia mota,potentzia mota,mt_vote_revoted_gte_langfilter,2026-03-09T10:19:33,0.695072591304779,0.695072591304779,0.6279332637786865,nllb,eu,eu,eu,PotentziaMota
relation,eu,precededBy,preceded By,Aurrekoa:,aurrekoa:,aurretik By,0.9,0.0,0.0,0.0,0,0,0,aurretik By,aurretik By,mt_vote_revoted_gte_langfilter,2026-03-09T10:19:33,,,0.8071342706680298,salamandra,en,en,de,AurretikBy
relation,eu,predecessor,predecessor,aurrekoa,aurrekoa,aurrekari,0.9,0.0,0.0,0.0,0,0,0,aurrekoa,aurrekoa,mt_vote,2026-03-05T14:10:40,,,,,en,en,en,Aurrekoa
relation,eu,president,president,Lehendakaria.,presidentea,presidente,0.9,0.0,0.0,0.0,0,0,0,Lehendakaria.,Lehendakaria.,mt_vote_revoted_gte_langfilter,2026-03-09T10:19:33,0.6846420764923096,,,nllb,eu,en,en,Lehendakaria.
relation,eu,producer,producer,ekoizlea,ekoizlea,ekoizlea,0.9,1.0,1.0,1.0,1,1,1,ekoizlea,ekoizlea,mt_vote_revoted_gte_langfilter,2026-03-09T10:19:33,0.5731299519538879,0.5731299519538879,0.5731299519538879,nllb,tr,tr,tr,Ekoizlea
relation,eu,product,product,Produktua,produktua,produktua,0.9,0.0,0.0,0.0,0,0,0,Produktua,Produktua,mt_vote,2026-03-05T14:10:41,,,,,en,en,en,Produktua
relation,eu,productionEndYear,production End Year,ekoizpena Urteko amaiera,ekoizpenaren amaiera-urtea,produkzioa Amaiera Urtea,0.9,0.76,0.4583,0.64,0,0,0,ekoizpena Urteko amaiera,ekoizpena Urteko amaiera,mt_vote_revoted_gte_langfilter,2026-03-09T10:19:33,0.8688158988952637,0.7631293535232544,0.7983739376068115,nllb,eu,eu,eu,EkoizpenaUrtekoAmaiera
relation,eu,productionStartYear,production Start Year,ekoizpena hasiera urtea,ekoizpenaren hasierako urtea,produkzioaren hasiera-urtea,0.9,0.902,0.68,0.6909,1,0,0,ekoizpenaren hasierako urtea,ekoizpenaren hasierako urtea,mt_vote_revoted_gte_langfilter,2026-03-09T10:19:33,0.793063759803772,0.8116553425788879,0.7253402471542358,madlad,eu,eu,eu,EkoizpenarenHasierakoUrtea
relation,eu,profession,profession,Lanbidea,lanbidea,profesioa,0.9,0.0,0.0,0.0,0,0,0,Lanbidea,Lanbidea,mt_vote,2026-03-05T14:10:42,,,,,en,en,en,Lanbidea
relation,eu,professionalField,professional Field,Arlo profesionala,lanbide-eremua,eremu profesionala,0.9,0.129,0.8,0.375,0,0,0,eremu profesionala,eremu profesionala,mt_vote_revoted_gte_langfilter,2026-03-09T10:19:33,0.7551007866859436,0.5607752799987793,0.7954666018486023,salamandra,es,pt,pt,EremuProfesionala
relation,eu,protein,protein,Proteinak,proteina,proteina,0.9,0.9412,0.9412,1.0,1,1,1,Proteinak,Proteinak,mt_vote_revoted_gte_langfilter,2026-03-09T10:19:33,0.8536444306373596,0.8451963663101196,0.8451963663101196,nllb,de,de,de,Proteinak
relation,eu,publisher,publisher,argitaletxea,argitaratzailea,publisher,0.9,0.0,0.0,0.0,0,0,0,argitaratzailea,argitaratzailea,mt_vote_revoted_gte_langfilter,2026-03-09T10:19:33,,0.6586087346076965,,madlad,en,eu,en,Argitaratzailea
relation,eu,recordLabel,record Label,Etiketa erregistroa,erregistroaren etiketa,record Label,0.9,0.5366,0.0,0.0,0,0,0,Etiketa erregistroa,Etiketa erregistroa,mt_vote_revoted_gte_langfilter,2026-03-09T10:19:33,0.7561675906181335,0.7419748306274414,,nllb,eu,eu,en,EtiketaErregistroa
relation,eu,recordedIn,recorded In,Erregistratutako,grabatu da hemen:,erregistratuta In,0.9,0.0,0.0,0.4706,0,0,0,erregistratuta In,erregistratuta In,mt_vote_revoted_gte_langfilter,2026-03-09T10:19:33,,0.6387267112731934,0.7473677396774292,salamandra,en,eu,fi,ErregistratutaIn
relation,eu,rector,rector,Zuzendaria.,errektorea,erretore,0.9,0.0,0.2105,0.0,0,0,0,Zuzendaria.,Zuzendaria.,mt_vote_revoted_gte_langfilter,2026-03-09T10:19:33,0.709963321685791,,0.6536352634429932,nllb,eu,en,fr,Zuzendaria.
relation,eu,region,region,lurraldea,eskualdea,eskualdea,0.9,0.6667,0.6667,1.0,0,0,1,eskualdea,eskualdea,mt_vote_revoted_gte_langfilter,2026-03-09T10:19:33,0.6603506803512573,0.5937261581420898,0.5937261581420898,madlad,eu,eu,eu,Eskualdea
relation,eu,regionServed,region Served,Eremu zerbitzatua,zerbitzatutako eskualdea,Zerbitzatutako eskualdea,0.9,0.5366,0.5366,1.0,0,0,1,Zerbitzatutako eskualdea,Zerbitzatutako eskualdea,mt_vote_revoted_gte_langfilter,2026-03-09T10:19:33,0.5457382202148438,0.5504181385040283,0.5591535568237305,salamandra,eu,eu,eu,ZerbitzatutakoEskualdea
relation,eu,related,related,lotuta,erlazionatua,erlazionatuta,0.9,0.0,0.0,0.96,0,0,1,erlazionatuta,erlazionatuta,mt_vote_revoted_gte_langfilter,2026-03-09T10:19:33,,0.5782852172851562,0.6090466976165771,salamandra,en,it,it,Erlazionatuta
relation,eu,relatedMeanOfTransportation,related Mean Of Transportation,lotutako garraio bitartekoak,Garraiobide erlazionatua,erlazionatutako garraiobidearen esanahia,0.9,0.4231,0.6471,0.5312,0,0,0,erlazionatutako garraiobidearen esanahia,erlazionatutako garraiobidearen esanahia,mt_vote_revoted_gte_langfilter,2026-03-09T10:19:33,0.5170012712478638,0.5640362501144409,0.6623039245605469,salamandra,it,it,eu,ErlazionatutakoGarraiobidearenEsanahia
relation,eu,releaseDate,release Date,Ateratzeko eguna,argitaratze-data,release Date,0.9,0.5,0.0,0.0,0,0,0,Ateratzeko eguna,Ateratzeko eguna,mt_vote_revoted_gte_langfilter,2026-03-09T10:19:33,0.6153864860534668,0.5768977403640747,,nllb,eu,eu,en,AteratzekoEguna
relation,eu,religion,religion,Erlijioa,erlijioa,erlijioa,0.9,1.0,1.0,1.0,1,1,1,Erlijioa,Erlijioa,mt_vote_revoted_gte_langfilter,2026-03-09T10:19:33,0.5409668684005737,0.5001554489135742,0.5001554489135742,nllb,hr,hr,hr,Erlijioa
relation,eu,representative,representative,ordezkari,ordezkaria,ordezkaria,0.9,0.9474,0.9474,1.0,1,1,1,ordezkari,ordezkari,mt_vote_revoted_gte_langfilter,2026-03-09T10:19:33,0.7099716663360596,0.6837915778160095,0.6837915778160095,nllb,nl,nl,nl,Ordezkari
relation,eu,residence,residence,bizilekua,bizilekua,egoitza,0.9,0.0,0.0,0.0,0,0,0,egoitza,egoitza,mt_vote_revoted_gte_langfilter,2026-03-09T10:19:33,,,0.6925687789916992,salamandra,en,en,eu,Egoitza
relation,eu,revenue,revenue,Diru-sarrerak,diru-sarrerak,sarrerak,0.9,0.0,0.0,0.0,0,0,0,Diru-sarrerak,Diru-sarrerak,mt_vote,2026-03-05T14:10:46,,,,,en,en,en,Diru-sarrerak
relation,eu,ribbonAward,ribbon Award,Zinta saria,zinta saria,ribbon Award,0.9,0.0,0.0,0.0,0,0,0,Zinta saria,Zinta saria,mt_vote_revoted_gte_langfilter,2026-03-09T10:19:33,0.5235275030136108,,,nllb,de,en,en,ZintaSaria
relation,eu,river,river,ibaia,ibaia,ibarra,0.9,0.0,0.0,0.0,0,0,0,ibaia,ibaia,mt_vote,2026-03-05T14:10:47,,,,,en,en,en,Ibaia
relation,eu,rocketStages,rocket Stages,Kohetearen faseak.,Suziriaren faseak,rocket Stages,0.9,0.6286,0.3226,0.2667,0,0,0,rocket Stages,rocket Stages,mt_vote_revoted_gte_langfilter,2026-03-09T10:19:33,0.6525963544845581,0.590660572052002,1.0000001192092896,salamandra,sv,eu,da,RocketStages
relation,eu,rotationPeriod,rotation Period,Errotazio aldian,biratze-periodoa,errotazio aldia,0.9,0.3125,0.9677,0.3871,0,1,0,errotazio aldia,errotazio aldia,mt_vote_revoted_gte_langfilter,2026-03-09T10:19:33,0.6086918115615845,0.6721601486206055,0.680762529373169,salamandra,it,eu,it,ErrotazioAldia
relation,eu,runtime,runtime,martxan jartzeko denbora,exekuzio-denbora,runtime,0.9,0.55,0.129,0.087,0,0,0,runtime,runtime,mt_vote_revoted_gte_langfilter,2026-03-09T10:19:33,0.6915407180786133,0.5219513773918152,0.9999999403953552,salamandra,eu,eu,de,Runtime
relation,eu,runwayLength,runway Length,Pistaren luzera,pistaren luzera,pista Luzera,0.9,1.0,0.8889,0.8889,1,0,0,pistaren luzera,pistaren luzera,mt_vote_revoted_gte_langfilter,2026-03-09T10:19:33,0.5906848907470703,0.6239473819732666,0.5271116495132446,madlad,eu,eu,eu,PistarenLuzera
relation,eu,runwayName,runway Name,Ibilbidearen izena,pistaren izena,pista Izena,0.9,0.6875,0.5517,0.88,0,0,0,pistaren izena,pistaren izena,mt_vote_revoted_gte_langfilter,2026-03-09T10:19:33,0.5565886497497559,0.5995591282844543,0.5319385528564453,madlad,eu,eu,eu,PistarenIzena
relation,eu,runwaySurfaceType,runway Surface Type,Ibilbidearen gainazalaren mota,pistaren gainazal mota,pista-gainazalaren mota,0.9,0.7308,0.717,0.8,0,0,0,pista-gainazalaren mota,pista-gainazalaren mota,mt_vote_revoted_gte_langfilter,2026-03-09T10:19:33,0.5035057067871094,0.5228546261787415,0.5718681812286377,salamandra,eu,eu,eu,Pista-gainazalarenMota
relation,eu,saint,saint,santu bat,saint,saint,0.9,0.0,0.0,0.0,0,0,0,santu bat,santu bat,mt_vote_revoted_gte_langfilter,2026-03-09T10:19:33,0.7826944589614868,,,nllb,eu,en,en,SantuBat
relation,eu,season,season,Sasoia,denboraldia,denboraldia,0.9,0.3529,0.3529,1.0,0,0,1,denboraldia,denboraldia,mt_vote_revoted_gte_langfilter,2026-03-09T10:19:33,0.5695022344589233,0.8312095403671265,0.8312095403671265,madlad,fr,eu,eu,Denboraldia
relation,eu,selectedByNasa,selected By Nasa,NASAk aukeratua,Nasak hautatuta,Nasa-k hautatua,0.9,0.8,0.8,0.9333,0,0,1,Nasa-k hautatua,Nasa-k hautatua,mt_vote_revoted_gte_langfilter,2026-03-09T10:19:33,0.8298373818397522,0.5902981758117676,0.7885329723358154,salamandra,eu,eu,eu,Nasa-kHautatua
relation,eu,senators,senators,Senatariak.,Senatariak,senatariak,0.9,0.0,0.0,0.0,0,0,0,senatariak,senatariak,mt_vote_revoted_gte_langfilter,2026-03-09T10:19:33,,,0.8287093043327332,salamandra,en,en,sv,Senatariak
relation,eu,series,series,serieak,seriea,serie,0.9,0.0,0.0,0.0,0,0,0,serieak,serieak,mt_vote,2026-03-05T14:10:50,,,,,en,en,en,Serieak
relation,eu,served,served,zerbitzatua,zerbitzatua,Zerbitzatu,0.9,1.0,0.9524,0.9524,1,1,1,Zerbitzatu,Zerbitzatu,mt_vote_revoted_gte_langfilter,2026-03-09T10:19:33,0.5406609773635864,0.5406609773635864,0.5437474250793457,salamandra,eu,eu,eu,Zerbitzatu
relation,eu,servedAsChiefOfTheAstronautOfficeIn,served As Chief Of The Astronaut Office In,Astronauten Bulegoko burua izan zen.,Astronauten Bulegoko burua izan zen,Astronauten Bulegoko buru gisa aritu zen,0.9,0.9859,0.8421,0.8533,1,0,0,Astronauten Bulegoko burua izan zen,Astronauten Bulegoko burua izan zen,mt_vote_revoted_gte_langfilter,2026-03-09T10:19:33,0.7527973651885986,0.7809867858886719,0.7057590484619141,madlad,eu,eu,eu,AstronautenBulegokoBuruaIzanZen
relation,eu,service,service,zerbitzua,zerbitzua,Zerbitzua,0.9,1.0,1.0,1.0,1,1,1,Zerbitzua,Zerbitzua,mt_vote_revoted_gte_langfilter,2026-03-09T10:19:33,0.8237594962120056,0.8237594962120056,0.8469835519790649,salamandra,eu,eu,eu,Zerbitzua
relation,eu,serviceStartYear,service Start Year,zerbitzuaren hasierako urtea,zerbitzuaren hasierako urtea,Zerbitzuaren hasiera-urtea,0.9,1.0,0.9259,0.9259,1,1,1,zerbitzuaren hasierako urtea,zerbitzuaren hasierako urtea,mt_vote_revoted_gte_langfilter,2026-03-09T10:19:33,0.7801769971847534,0.7801769971847534,0.718097448348999,nllb,eu,eu,eu,ZerbitzuarenHasierakoUrtea
relation,eu,servingSize,serving Size,zerbitzatzeko tamaina,Zerbitzatzeko tamaina,Zerbitzu tamaina,0.9,1.0,0.8108,0.8108,1,0,0,Zerbitzatzeko tamaina,Zerbitzatzeko tamaina,mt_vote_revoted_gte_langfilter,2026-03-09T10:19:33,0.5894944667816162,0.6320897340774536,0.556203305721283,madlad,eu,eu,eu,ZerbitzatzekoTamaina
relation,eu,servingTemperature,serving Temperature,zerbitzatzeko tenperatura,zerbitzatzeko tenperatura,Zerbitzatzeko tenperatura,0.9,1.0,1.0,1.0,1,1,1,Zerbitzatzeko tenperatura,Zerbitzatzeko tenperatura,mt_vote_revoted_gte_langfilter,2026-03-09T10:19:33,0.7144930958747864,0.7144930958747864,0.7340308427810669,salamandra,eu,eu,eu,ZerbitzatzekoTenperatura
relation,eu,shipBeam,ship Beam,Itsasontzia,itsasontzi-izarra,ship Beam,0.9,0.7857,0.0,0.0,0,0,0,Itsasontzia,Itsasontzia,mt_vote_revoted_gte_langfilter,2026-03-09T10:19:33,0.6779403686523438,0.6776001453399658,,nllb,eu,eu,en,Itsasontzia
relation,eu,shipClass,ship Class,Itsasontzi klasea,ontzi-klasea,ontzi mota,0.9,0.7586,0.5185,0.5455,0,0,0,Itsasontzi klasea,Itsasontzi klasea,mt_vote_revoted_gte_langfilter,2026-03-09T10:19:33,0.829866349697113,0.6446517705917358,0.6075882911682129,nllb,eu,de,de,ItsasontziKlasea
relation,eu,shipDisplacement,ship Displacement,Ontziaren mugimendua,itsasontziaren desplazamendua,Itsasontziaren desplazamendua,0.9,0.6531,0.6531,1.0,0,0,1,itsasontziaren desplazamendua,itsasontziaren desplazamendua,mt_vote_revoted_gte_langfilter,2026-03-09T10:19:33,0.6133605241775513,0.8260258436203003,0.8204472064971924,madlad,eu,eu,eu,ItsasontziarenDesplazamendua
relation,eu,shipDraft,ship Draft,Itsasontziaren zirriborroa,ontziaren zirriborroa,ship Draft,0.9,0.8936,0.0,0.0,0,0,0,Itsasontziaren zirriborroa,Itsasontziaren zirriborroa,mt_vote_revoted_gte_langfilter,2026-03-09T10:19:33,0.665213406085968,0.5174143314361572,,nllb,eu,eu,en,ItsasontziarenZirriborroa
relation,eu,shipInService,ship In Service,Itsasontzia zerbitzuan,ship Zerbitzuan,Zerbitzuan dagoen ontzia,0.9,0.6486,0.4348,0.5128,0,0,0,ship Zerbitzuan,ship Zerbitzuan,mt_vote_revoted_gte_langfilter,2026-03-09T10:19:33,0.7826804518699646,0.8375027179718018,0.8303918838500977,madlad,eu,eu,eu,ShipZerbitzuan
relation,eu,shipLaidDown,ship Laid Down,Ontzia lurreratu da.,itsasontzia jaitsi da,Laid Down itsasontzia,0.9,0.5854,0.0,0.0,0,0,0,itsasontzia jaitsi da,itsasontzia jaitsi da,mt_vote_revoted_gte_langfilter,2026-03-09T10:19:33,0.5430605411529541,0.7180753946304321,,madlad,eu,eu,en,ItsasontziaJaitsiDa
relation,eu,shipLaunch,ship Launch,Ontziaren jaurtiketa.,itsasontzi jaurtiketa,ontzi-jaurtiketa,0.9,0.7619,0.8108,0.8108,0,0,0,itsasontzi jaurtiketa,itsasontzi jaurtiketa,mt_vote_revoted_gte_langfilter,2026-03-09T10:19:33,0.4710591435432434,0.6830582618713379,0.6056570410728455,madlad,eu,eu,de,ItsasontziJaurtiketa
relation,eu,shipOrdered,ship Ordered,"Itsasontzia, agindua.",itsasontzia agindua,Itsasontzia eskatu zen,0.9,0.95,0.6512,0.6829,1,0,0,itsasontzia agindua,itsasontzia agindua,mt_vote_revoted_gte_langfilter,2026-03-09T10:19:33,0.6433753967285156,0.7031164169311523,0.7162501811981201,madlad,eu,eu,eu,ItsasontziaAgindua
relation,eu,shipPower,ship Power,Ontziaren potentzia,itsasontziaren potentzia,Itsasontziaren potentzia,0.9,0.8837,0.8837,1.0,0,0,1,itsasontziaren potentzia,itsasontziaren potentzia,mt_vote_revoted_gte_langfilter,2026-03-09T10:19:33,0.6495722532272339,0.7795149087905884,0.7488217949867249,madlad,eu,eu,eu,ItsasontziarenPotentzia
relation,eu,significantBuilding,significant Building,Eraikin garrantzitsua,Eraikin esanguratsua,eraikuntza garrantzitsua,0.9,0.7317,0.8889,0.5909,0,0,0,Eraikin garrantzitsua,Eraikin garrantzitsua,mt_vote_revoted_gte_langfilter,2026-03-09T10:19:33,0.7329336404800415,0.6809581518173218,0.6513572931289673,nllb,eu,eu,eu,EraikinGarrantzitsua
relation,eu,significantProject,significant Project,Proiektu garrantzitsua,Proiektu esanguratsua,Proiektu garrantzitsua,0.9,0.7442,1.0,0.6977,0,1,0,Proiektu garrantzitsua,Proiektu garrantzitsua,mt_vote_revoted_gte_langfilter,2026-03-09T10:19:33,0.773045539855957,0.6862453818321228,0.773045539855957,nllb,eu,eu,eu,ProiektuGarrantzitsua
relation,eu,similarDish,similar Dish,Antzeko plater bat.,antzeko platera,antzeko platera,0.9,0.8824,0.8824,1.0,0,0,1,antzeko platera,antzeko platera,mt_vote_revoted_gte_langfilter,2026-03-09T10:19:33,0.6523234844207764,0.6138863563537598,0.6138863563537598,madlad,eu,eu,eu,AntzekoPlatera
relation,eu,sisterStation,sister Station,arreba Geltokia,ahizpa-estazioa,Sister Station,0.9,0.3333,0.0,0.0,0,0,0,ahizpa-estazioa,ahizpa-estazioa,mt_vote_revoted_gte_langfilter,2026-03-09T10:19:33,0.5152543187141418,0.5505721569061279,,madlad,no,eu,en,Ahizpa-estazioa
relation,eu,site,site,gune bat,gunea,site,0.9,0.7692,0.0,0.0,0,0,0,gune bat,gune bat,mt_vote_revoted_gte_langfilter,2026-03-09T10:19:33,0.6691690683364868,0.6665864586830139,,nllb,eu,de,en,GuneBat
relation,eu,spokenIn,spoken In,Hizkuntza,hiztunak,hitz egin In,0.9,0.7059,0.381,0.4,0,0,0,hitz egin In,hitz egin In,mt_vote_revoted_gte_langfilter,2026-03-09T10:19:33,0.6321507692337036,0.5064371824264526,0.8706874847412109,salamandra,de,de,eu,HitzEginIn
relation,eu,sportGoverningBody,sport Governing Body,Kirola Zuzendaritza Batzordea,sport Gobernu Batzordea,kirol-erakundea,0.9,0.5,0.5,0.3684,0,0,0,sport Gobernu Batzordea,sport Gobernu Batzordea,mt_vote_revoted_gte_langfilter,2026-03-09T10:19:33,0.7959073781967163,0.8436830639839172,0.7298964262008667,madlad,eu,eu,rw,SportGobernuBatzordea
relation,eu,sportsOffered,sports Offered,Kirola eskaintzen da.,Eskaintzen diren kirol-jarduerak,kirolak Eskaintza,0.9,0.4906,0.8421,0.3673,0,0,0,Kirola eskaintzen da.,Kirola eskaintzen da.,mt_vote_revoted_gte_langfilter,2026-03-09T10:19:33,0.7604062557220459,0.7373566031455994,0.713286280632019,nllb,eu,eu,eu,KirolaEskaintzenDa.
relation,eu,spouse,spouse,senar-emazte,ezkontidea,ezkontidea,0.9,0.2727,0.2727,1.0,0,0,1,ezkontidea,ezkontidea,mt_vote_revoted_gte_langfilter,2026-03-09T10:19:33,0.466421365737915,0.44086953997612,0.44086953997612,madlad,eu,es,es,Ezkontidea
relation,eu,stadium,stadium,estadio bat,estadioa,estadioa,0.9,0.8421,0.8421,1.0,0,0,1,estadioa,estadioa,mt_vote_revoted_gte_langfilter,2026-03-09T10:19:33,0.7696806192398071,0.8818367719650269,0.8818367719650269,madlad,eu,es,es,Estadioa
relation,eu,staff,staff,langileak,staff,langileak,0.9,0.0,0.0,0.0,0,0,0,langileak,langileak,mt_vote,2026-03-05T14:11:00,,,,,en,en,en,Langileak
relation,eu,starring,starring,Antzezpena:,protagonista,protagonista,0.9,0.0,0.0,0.0,0,0,0,Antzezpena:,Antzezpena:,mt_vote_revoted_gte_langfilter,2026-03-09T10:19:33,0.5182315111160278,,,nllb,eu,en,en,Antzezpena:
relation,eu,state,state,Estatua,egoera,egoera,0.9,0.3077,0.3077,1.0,0,0,1,egoera,egoera,mt_vote_revoted_gte_langfilter,2026-03-09T10:19:33,0.7087956666946411,0.6312508583068848,0.6312508583068848,madlad,es,nl,nl,Egoera
relation,eu,stateOfOrigin,state Of Origin,Jatorri egoera,% 1 fitxategi( k) % 2 fitxategi( k) % 3 fitxategi( k) % 4 fitxategi( k) % 5 fitxategi( k) % 6 fitxategi( k) % 7 fitxategi( k) %,jatorriko estatua,0.9,0.0,0.6452,0.0,0,0,0,jatorriko estatua,jatorriko estatua,mt_vote_revoted_gte_langfilter,2026-03-09T10:19:33,0.4890534281730652,,0.5458736419677734,salamandra,eu,en,eo,JatorrikoEstatua
relation,eu,status,status,egoera,egoera,egoera,0.9,1.0,1.0,1.0,1,1,1,egoera,egoera,mt_vote_revoted_gte_langfilter,2026-03-09T10:19:33,0.6976341009140015,0.6976341009140015,0.6976341009140015,nllb,nl,nl,nl,Egoera
relation,eu,stylisticOrigin,stylistic Origin,Jatorria,Jatorri estilistikoa,Origen estilistikoa,0.9,0.0,0.0,0.8205,0,0,0,Origen estilistikoa,Origen estilistikoa,mt_vote_revoted_gte_langfilter,2026-03-09T10:19:33,,0.657218337059021,0.7798090577125549,salamandra,en,fr,es,OrigenEstilistikoa
relation,eu,subsidiary,subsidiary,Zuzendaritzak,seme-alabak,subsidiary,0.9,0.3333,0.3478,0.1905,0,0,0,subsidiary,subsidiary,mt_vote_revoted_gte_langfilter,2026-03-09T10:19:33,0.5690324902534485,0.4761976897716522,1.0,salamandra,eu,eu,es,Subsidiary
relation,eu,successor,successor,ondorengoa,ondorengoa,ondorengotza,0.9,1.0,0.9091,0.9091,1,1,1,ondorengoa,ondorengoa,mt_vote_revoted_gte_langfilter,2026-03-09T10:19:33,0.6385396718978882,0.6385396718978882,0.618262767791748,nllb,es,es,eu,Ondorengoa
relation,eu,surfaceArea,surface Area,Gainazalaren azalera,gainazaleko area,azalera,0.9,0.0,0.5185,0.0,0,0,0,azalera,azalera,mt_vote_revoted_gte_langfilter,2026-03-09T10:19:33,0.4979553818702698,,0.5218727588653564,salamandra,eu,en,eu,Azalera
relation,eu,temperature,temperature,tenperatura,tenperatura,tenperatura,0.9,1.0,1.0,1.0,1,1,1,tenperatura,tenperatura,mt_vote_revoted_gte_langfilter,2026-03-09T10:19:33,0.6499501466751099,0.6499501466751099,0.6499501466751099,nllb,de,de,de,Tenperatura
relation,eu,tenant,tenant,maizterra,alokatzailea,errentaria,0.9,0.381,0.0,0.0,0,0,0,alokatzailea,alokatzailea,mt_vote_revoted_gte_langfilter,2026-03-09T10:19:33,0.5354160070419312,0.6216638684272766,,madlad,eu,eu,en,Alokatzailea
relation,eu,timeInSpace,time In Space,Denbora Espazioan,denbora espazioan,denbora espazioan,0.9,1.0,1.0,1.0,1,1,1,denbora espazioan,denbora espazioan,mt_vote_revoted_gte_langfilter,2026-03-09T10:19:33,0.609668493270874,0.8250642418861389,0.8250642418861389,madlad,eu,eu,eu,DenboraEspazioan
relation,eu,timeZone,time Zone,Ordutegia,ordu-zona,time Zone,0.9,0.5556,0.0,0.0,0,0,0,ordu-zona,ordu-zona,mt_vote_revoted_gte_langfilter,2026-03-09T10:19:33,0.5433508157730103,0.6054059863090515,,madlad,fr,fr,en,Ordu-zona
relation,eu,timeshiftChannel,timeshift Channel,Ordu-aldaketa kanala.,kanalaren denbora-desplazamendua,Timeshift kanala,0.9,0.2264,0.0,0.0,0,0,0,kanalaren denbora-desplazamendua,kanalaren denbora-desplazamendua,mt_vote_revoted_gte_langfilter,2026-03-09T10:19:33,0.6460162401199341,0.8295982480049133,,madlad,eu,eu,en,KanalarenDenbora-desplazamendua
relation,eu,title,title,izenburua,titulua,title,0.9,0.5,0.0,0.0,0,0,0,titulua,titulua,mt_vote_revoted_gte_langfilter,2026-03-09T10:19:33,0.5353292226791382,0.7721254825592041,,madlad,eu,ro,en,Titulua
relation,eu,topSpeed,top Speed,Goiko abiadura.,goiko abiadura,top Speed,0.9,0.9655,0.0,0.0,1,0,0,goiko abiadura,goiko abiadura,mt_vote_revoted_gte_langfilter,2026-03-09T10:19:33,0.4889480471611023,0.4923486709594726,,madlad,pt,pt,en,GoikoAbiadura
relation,eu,totalLaunches,total Launches,Guztizko jaurtiketak,abiarazpen guztira,guztizko jaurtiketak,0.9,0.3158,1.0,0.3684,0,1,0,Guztizko jaurtiketak,Guztizko jaurtiketak,mt_vote_revoted_gte_langfilter,2026-03-09T10:19:33,0.5671559572219849,0.6175722479820251,0.5443371534347534,nllb,de,eu,de,GuztizkoJaurtiketak
relation,eu,totalProduction,total Production,ekoizpen osoa,ekoizpen osoa,produkzio osoa,0.9,1.0,0.5185,0.5185,1,0,0,ekoizpen osoa,ekoizpen osoa,mt_vote_revoted_gte_langfilter,2026-03-09T10:19:33,0.722633957862854,0.722633957862854,0.6218100190162659,nllb,pl,pl,it,EkoizpenOsoa
relation,eu,trainerAircraft,trainer Aircraft,Hegazkin hegalariak,Hegazkin entrenatzailea,Aircraft trainer,0.9,0.619,0.0,0.0,0,0,0,Hegazkin entrenatzailea,Hegazkin entrenatzailea,mt_vote_revoted_gte_langfilter,2026-03-09T10:19:33,0.643114447593689,0.835273265838623,,madlad,nl,eu,en,HegazkinEntrenatzailea
relation,eu,training,training,prestakuntza,entrenamendua,entrenamendua,0.9,0.4,0.4,1.0,0,0,1,entrenamendua,entrenamendua,mt_vote_revoted_gte_langfilter,2026-03-09T10:19:33,0.7359342575073242,0.842892050743103,0.842892050743103,madlad,de,de,de,Entrenamendua
relation,eu,transmission,transmission,Transmisioa,transmisioa,transmisioa,0.9,0.0,0.0,0.0,0,0,0,Transmisioa,Transmisioa,mt_vote,2026-03-05T14:11:07,,,,,en,en,en,Transmisioa
relation,eu,transportAircraft,transport Aircraft,Garraioak Hegazkinak,garraio-hegazkina,garraioa Hegazkina,0.9,0.8649,0.9474,0.9143,0,1,1,Garraioak Hegazkinak,Garraioak Hegazkinak,mt_vote_revoted_gte_langfilter,2026-03-09T10:19:33,0.5567567348480225,0.5474233627319336,0.5200734734535217,nllb,it,it,eu,GarraioakHegazkinak
relation,eu,type,type,motaren arabera,mota,type,0.9,0.0,0.0,0.0,0,0,0,motaren arabera,motaren arabera,mt_vote_revoted_gte_langfilter,2026-03-09T10:19:33,0.5561173558235168,,,nllb,eu,en,en,MotarenArabera
relation,eu,unit,unit,unitatea,% 1 metro karratuamount in units (integer),unitatea,0.9,0.0,0.0,0.0,0,0,0,unitatea,unitatea,mt_vote,2026-03-05T14:11:08,,,,,en,en,en,Unitatea
relation,eu,universityTeam,university Team,Unibertsitateko taldea.,unibertsitatea Taldea,Unibertsitateko taldea,0.9,0.9091,0.9778,0.9302,1,1,1,Unibertsitateko taldea,Unibertsitateko taldea,mt_vote_revoted_gte_langfilter,2026-03-09T10:19:33,0.7888620495796204,0.8039270639419556,0.8530625104904175,salamandra,eu,eu,eu,UnibertsitatekoTaldea
relation,eu,utcOffset,utc Offset,Utc deskontua,utc desplazamendua,UTC desplazamendua,0.9,0.6452,0.6452,1.0,0,0,1,UTC desplazamendua,UTC desplazamendua,mt_vote_revoted_gte_langfilter,2026-03-09T10:19:33,0.7250015139579773,0.7659299373626709,0.8186127543449402,salamandra,fr,eu,eu,UTCDesplazamendua
relation,eu,viceChancellor,vice Chancellor,Kantzilerordea.,Kantzilerordea,Kantzilerordea,0.9,0.9655,0.9655,1.0,1,1,1,Kantzilerordea,Kantzilerordea,mt_vote_revoted_gte_langfilter,2026-03-09T10:19:33,0.6671974658966064,0.6757469177246094,0.6757469177246094,madlad,de,de,de,Kantzilerordea
relation,eu,voice,voice,ahotsa,ahotsa,ahotsa,0.9,0.0,0.0,0.0,0,0,0,ahotsa,ahotsa,mt_vote,2026-03-05T14:11:10,,,,,en,en,en,Ahotsa
relation,eu,wasGivenTheTechnicalCampusStatusBy,was Given The Technical Campus Status By,Campus Teknikoaren estatusa eman zioten.,Campus Teknikoaren estatusa eman zion,Teknikako campusaren estatusa eman zion,0.9,0.961,0.7342,0.7632,1,0,0,Campus Teknikoaren estatusa eman zion,Campus Teknikoaren estatusa eman zion,mt_vote_revoted_gte_langfilter,2026-03-09T10:19:33,0.8380541801452637,0.8444162607192993,0.8885416984558105,madlad,eu,eu,eu,CampusTeknikoarenEstatusaEmanZion
relation,eu,website,website,webgunea,webgunea,webgune,0.9,1.0,0.9333,0.9333,1,1,1,webgune,webgune,mt_vote_revoted_gte_langfilter,2026-03-09T10:19:33,0.8393207788467407,0.8393207788467407,0.8902772068977356,salamandra,de,de,de,Webgune
relation,eu,weight,weight,pisua,pisua,pisua,0.9,0.0,0.0,0.0,0,0,0,pisua,pisua,mt_vote,2026-03-05T14:11:11,,,,,en,en,en,Pisua
relation,eu,wheelbase,wheelbase,Erroturako distantzia,gurpilen arteko distantzia,gurpil-base,0.9,0.6809,0.25,0.3784,0,0,0,gurpil-base,gurpil-base,mt_vote_revoted_gte_langfilter,2026-03-09T10:19:33,0.4509921669960022,0.5164448022842407,0.6136530637741089,salamandra,eu,eu,mt,Gurpil-base
relation,eu,width,width,zabalera,zabalera,width,0.9,1.0,0.0,0.0,1,0,0,zabalera,zabalera,mt_vote_revoted_gte_langfilter,2026-03-09T10:19:34,0.5911291837692261,0.5911291837692261,,nllb,sv,sv,en,Zabalera
relation,eu,writer,writer,idazlea,idazlea,idazlea,0.9,1.0,1.0,1.0,1,1,1,idazlea,idazlea,mt_vote_revoted_gte_langfilter,2026-03-09T10:19:34,0.8094730377197266,0.8094730377197266,0.8094730377197266,nllb,tr,tr,tr,Idazlea
relation,eu,year,year,Urtea,urtea,urtea,0.9,1.0,1.0,1.0,1,1,1,urtea,urtea,mt_vote_revoted_gte_langfilter,2026-03-09T10:19:34,0.5725153684616089,0.7871214151382446,0.7871214151382446,madlad,de,de,de,Urtea
relation,eu,yearOfConstruction,year Of Construction,Eraikitzeko urtea,Eraikitze-urtea,Eraikuntzaren urtea,0.9,0.875,0.7778,0.7647,0,0,0,Eraikuntzaren urtea,Eraikuntzaren urtea,mt_vote_revoted_gte_langfilter,2026-03-09T10:19:34,0.7320205569267273,0.4939036965370178,0.7432132363319397,salamandra,eu,eu,eu,EraikuntzarenUrtea
relation,eu,youthclub,youthclub,Gazteentzako klub bat.,gazte-kluba,gazteentzako kluba,0.9,0.6061,0.9,0.6897,0,1,0,gazteentzako kluba,gazteentzako kluba,mt_vote_revoted_gte_langfilter,2026-03-09T10:19:34,0.8215360045433044,0.9018986821174622,0.8414567708969116,salamandra,eu,de,eu,GazteentzakoKluba
